Timestamp,Open,High,Low,Close
,BTC-USD,BTC-USD,BTC-USD,BTC-USD
1603670400,13031.20,13225.30,12822.38,13075.25
1603756800,13075.24,13759.67,13060.84,13654.22
1603843200,13654.21,13837.70,12932.25,13271.29
1603929600,13271.30,13612.05,12980.06,13437.88
1604016000,13437.87,13651.52,13136.20,13546.52
1604102400,13546.53,14028.21,13457.53,13781.00
1604188800,13781.00,13862.03,13628.38,13737.11
1604275200,13737.03,13808.32,13243.16,13550.49
1604361600,13550.45,13984.98,13325.44,13950.30
1604448000,13950.49,14218.77,13580.47,14133.71
1604534400,14133.73,15706.40,14102.09,15579.85
1604620800,15579.73,15903.44,15226.84,15565.88
1604707200,15565.88,15737.10,14423.20,14833.75
1604793600,14833.75,15637.32,14744.11,15479.57
1604880000,15479.60,15785.14,14865.53,15332.32
1604966400,15332.35,15450.33,15124.96,15290.90
1605052800,15290.91,15916.26,15290.01,15701.34
1605139200,15701.30,16305.00,15534.77,16276.34
1605225600,16276.44,16463.18,15992.15,16317.81
1605312000,16317.81,16317.81,15749.19,16068.14
1605398400,16068.14,16123.11,15793.53,15955.59
1605484800,15955.58,16816.18,15880.71,16716.11
1605571200,16685.69,17782.92,16564.54,17645.41
1605657600,17645.19,18393.95,17352.91,17804.01
1605744000,17803.86,18119.55,17382.55,17817.09
1605830400,17817.08,18773.23,17765.79,18621.31
1605916800,18621.32,18936.62,18444.36,18642.23
1606003200,18642.23,18688.97,17671.38,18370.00
1606089600,18370.02,18711.43,18000.80,18364.12
1606176000,18365.02,19348.27,18128.66,19107.46
1606262400,19104.41,19390.96,18581.15,18732.12
1606348800,18729.84,18866.29,16351.04,17150.62
1606435200,17153.91,17445.02,16526.42,17108.40
1606521600,17112.93,17853.94,16910.65,17717.41
1606608000,17719.63,18283.63,17559.12,18177.48
1606694400,18178.32,19749.26,18178.32,19625.84
1606780800,19633.77,19845.97,18321.92,18803.00
1606867200,18801.74,19308.33,18347.72,19201.09
1606953600,19205.93,19566.19,18925.79,19445.40
1607040000,19446.97,19511.40,18697.19,18699.77
1607126400,18698.38,19160.45,18590.19,19154.23
1607212800,19154.18,19390.50,18897.89,19345.12
1607299200,19343.13,19411.83,18931.14,19191.63
1607385600,19191.53,19283.48,18269.95,18321.14
1607472000,18320.88,18626.29,17935.55,18553.92
1607558400,18553.30,18553.30,17957.06,18264.99
1607644800,18263.93,18268.45,17619.53,18058.90
1607731200,18051.32,18919.55,18046.04,18803.66
1607817600,18806.77,19381.54,18734.33,19142.38
1607904000,19144.49,19305.10,19012.71,19246.64
1607990400,19246.92,19525.01,19079.84,19417.08
1608076800,19418.82,21458.91,19298.32,21310.60
1608163200,21308.35,23642.66,21234.68,22805.16
1608249600,22806.80,23238.60,22399.81,23137.96
1608336000,23132.87,24085.86,22826.47,23869.83
1608422400,23861.77,24209.66,23147.71,23477.29
1608508800,23474.46,24059.98,22159.37,22803.08
1608595200,22794.04,23789.90,22430.61,23783.03
1608681600,23781.97,24024.49,22802.65,23241.35
1608768000,23240.20,23768.34,22777.60,23735.95
1608854400,23733.57,24710.10,23463.67,24664.79
1608940800,24677.02,26718.07,24522.69,26437.04
1609027200,26439.37,28288.84,25922.77,26272.29
1609113600,26280.82,27389.11,26207.64,27084.81
1609200000,27081.81,27370.72,25987.30,27362.44
1609286400,27360.09,28937.74,27360.09,28840.95
1609372800,28841.57,29244.88,28201.99,29001.72
1609459200,28994.01,29600.63,28803.59,29374.15
1609545600,29376.46,33155.12,29091.18,32127.27
1609632000,32129.41,34608.56,32052.32,32782.02
1609718400,32810.95,33440.22,28722.76,31971.91
1609804800,31977.04,34437.59,30221.19,33992.43
1609891200,34013.61,36879.70,33514.04,36824.36
1609977600,36833.88,40180.37,36491.19,39371.04
1610064000,39381.77,41946.74,36838.64,40797.61
1610150400,40788.64,41436.35,38980.88,40254.55
1610236800,40254.22,41420.19,35984.63,38356.44
1610323200,38346.53,38346.53,30549.60,35566.66
1610409600,35516.36,36568.53,32697.98,33922.96
1610496000,33915.12,37599.96,32584.67,37316.36
1610582400,37325.11,39966.41,36868.56,39187.33
1610668800,39156.71,39577.71,34659.59,36825.37
1610755200,36821.65,37864.37,35633.55,36178.14
1610841600,36163.65,36722.35,34069.32,35791.28
1610928000,35792.24,37299.29,34883.84,36630.07
1611014400,36642.23,37755.89,36069.80,36069.80
1611100800,36050.11,36378.33,33570.48,35547.75
1611187200,35549.40,35552.68,30250.75,30825.70
1611273600,30817.62,33811.85,28953.37,33005.76
1611360000,32985.76,33360.98,31493.16,32067.64
1611446400,32064.38,32944.01,31106.69,32289.38
1611532800,32285.80,34802.74,32087.79,32366.39
1611619200,32358.61,32794.55,31030.27,32569.85
1611705600,32564.03,32564.03,29367.14,30432.55
1611792000,30441.04,33858.31,30023.21,33466.10
1611878400,34318.67,38406.26,32064.81,34316.39
1611964800,34295.93,34834.71,32940.19,34269.52
1612051200,34270.88,34288.33,32270.18,33114.36
1612137600,33114.58,34638.21,32384.23,33537.18
1612224000,33533.20,35896.88,33489.22,35510.29
1612310400,35510.82,37480.19,35443.98,37472.09
1612396800,37475.11,38592.18,36317.50,36926.07
1612483200,36931.55,38225.91,36658.76,38144.31
1612569600,38138.39,40846.55,38138.39,39266.01
1612656000,39250.19,39621.84,37446.15,38903.44
1612742400,38886.83,46203.93,38076.32,46196.46
1612828800,46184.99,48003.72,45166.96,46481.11
1612915200,46469.76,47145.57,43881.15,44918.18
1613001600,44898.71,48463.47,44187.76,47909.33
1613088000,47877.04,48745.73,46424.98,47504.85
1613174400,47491.20,48047.75,46392.28,47105.52
1613260800,47114.51,49487.64,47114.51,48717.29
1613347200,48696.54,48875.57,46347.48,47945.06
1613433600,47944.46,50341.10,47201.30,49199.87
1613520000,49207.28,52533.91,49072.38,52149.01
1613606400,52140.97,52474.11,51015.77,51679.80
1613692800,51675.98,56113.65,50937.28,55888.13
1613779200,55887.34,57505.23,54626.56,56099.52
1613865600,56068.57,58330.57,55672.61,57539.95
1613952000,57532.74,57533.39,48967.57,54207.32
1614038400,54204.93,54204.93,45290.59,48824.43
1614124800,48835.09,51290.14,47213.50,49705.33
1614211200,49709.08,51948.97,47093.85,47093.85
1614297600,47180.46,48370.79,44454.84,46339.76
1614384000,46344.77,48253.27,45269.03,46188.45
1614470400,46194.02,46716.43,43241.62,45137.77
1614556800,45159.50,49784.02,45115.09,49631.24
1614643200,49612.11,50127.51,47228.84,48378.99
1614729600,48415.82,52535.14,48274.32,50538.24
1614816000,50522.30,51735.09,47656.93,48561.17
1614902400,48527.03,49396.43,46542.52,48927.30
1614988800,48899.23,49147.22,47257.53,48912.38
1615075200,48918.68,51384.37,48918.68,51206.69
1615161600,51174.12,52314.07,49506.05,52246.52
1615248000,52272.97,54824.12,51981.83,54824.12
1615334400,54824.01,57258.25,53290.89,56008.55
1615420800,55963.18,58091.06,54484.59,57805.12
1615507200,57821.22,57996.62,55376.65,57332.09
1615593600,57343.37,61683.86,56217.97,61243.09
1615680000,61221.13,61597.92,59302.32,59302.32
1615766400,59267.43,60540.99,55393.16,55907.20
1615852800,55840.79,56833.18,53555.03,56804.90
1615939200,56825.83,58969.82,54528.63,58870.89
1616025600,58893.08,60116.25,54253.58,57858.92
1616112000,57850.44,59498.38,56643.70,58346.65
1616198400,58332.26,60031.29,58213.30,58313.64
1616284800,58309.91,58767.90,56005.62,57523.42
1616371200,57517.89,58471.48,54288.16,54529.14
1616457600,54511.66,55985.44,53470.70,54738.95
1616544000,54710.49,57262.38,52514.33,52774.27
1616630400,52726.75,53392.39,50856.57,51704.16
1616716800,51683.01,55137.31,51579.86,55137.31
1616803200,55137.57,56568.21,54242.91,55973.51
1616889600,55974.94,56610.31,55071.11,55950.75
1616976000,55947.90,58342.10,55139.34,57750.20
1617062400,57750.13,59447.22,57251.55,58917.69
1617148800,58930.28,59930.03,57726.42,58918.83
1617235200,58926.56,59586.07,58505.28,59095.81
1617321600,59098.88,60267.19,58869.28,59384.31
1617408000,59397.41,60110.27,57603.89,57603.89
1617494400,57604.84,58913.75,57168.68,58758.55
1617580800,58760.88,59891.30,57694.82,59057.88
1617667200,59171.93,59479.58,57646.81,58192.36
1617753600,58186.51,58731.14,55604.02,56048.94
1617840000,56099.91,58338.74,55879.09,58323.95
1617926400,58326.56,58937.05,57807.86,58245.00
1618012800,58253.78,61276.66,58038.71,59793.23
1618099200,59846.23,60790.55,59289.80,60204.96
1618185600,60175.95,61253.04,59589.88,59893.45
1618272000,59890.02,63742.29,59869.96,63503.46
1618358400,63523.75,64863.10,61554.80,63109.70
1618444800,63075.20,63821.67,62208.96,63314.01
1618531200,63258.50,63594.72,60222.53,61572.79
1618617600,61529.92,62572.18,60361.35,60683.82
1618704000,60701.89,61057.46,52829.54,56216.18
1618790400,56191.59,57520.05,54368.59,55724.27
1618876800,55681.79,57062.15,53448.05,56473.03
1618963200,56471.13,56757.97,53695.47,53906.09
1619049600,53857.11,55410.23,50583.81,51762.27
1619136000,51739.81,52120.79,47714.66,51093.65
1619222400,51143.23,51167.56,48805.29,50050.87
1619308800,50052.83,50506.02,47159.48,49004.25
1619395200,49077.79,54288.00,48852.80,54021.75
1619481600,54030.30,55416.96,53319.19,55033.12
1619568000,55036.64,56227.21,53887.92,54824.70
1619654400,54858.09,55115.84,52418.03,53555.11
1619740800,53568.66,57900.72,53129.60,57750.18
1619827200,57714.66,58448.34,57052.27,57828.05
1619913600,57825.86,57902.59,56141.91,56631.08
1620000000,56620.27,58973.31,56590.87,57200.29
1620086400,57214.18,57214.18,53191.43,53333.54
1620172800,53252.16,57911.36,52969.05,57424.01
1620259200,57441.31,58363.32,55382.51,56396.52
1620345600,56413.95,58606.63,55321.85,57356.40
1620432000,57352.77,59464.61,56975.21,58803.78
1620518400,58877.39,59210.88,56482.00,58232.32
1620604800,58250.87,59519.36,54071.46,55859.80
1620691200,55847.24,56872.54,54608.65,56704.57
1620777600,56714.53,57939.36,49150.54,49150.54
1620864000,49735.43,51330.84,46980.02,49716.19
1620950400,49682.98,51438.12,48868.58,49880.54
1621036800,49855.50,50639.66,46664.14,46760.19
1621123200,46716.64,49720.04,43963.35,46456.06
1621209600,46415.90,46623.56,42207.29,43537.51
1621296000,43488.06,45812.46,42367.83,42909.40
1621382400,42944.98,43546.12,30681.50,37002.44
1621468800,36753.67,42462.98,35050.62,40782.74
1621555200,40596.95,42172.17,33616.45,37304.69
1621641600,37371.03,38831.05,35383.68,37536.63
1621728000,37531.45,38289.22,31227.34,34770.58
1621814400,34700.36,39835.14,34551.08,38705.98
1621900800,38795.78,39776.35,36581.43,38402.22
1621987200,38392.62,40782.08,37905.84,39294.20
1622073600,39316.89,40379.62,37247.90,38436.97
1622160000,38507.08,38856.97,34779.04,35697.61
1622246400,35684.16,37234.50,33693.93,34616.07
1622332800,34607.41,36400.67,33520.74,35678.13
1622419200,35658.59,37468.25,34241.95,37332.86
1622505600,37293.79,37896.73,35787.09,36684.93
1622592000,36699.92,38231.34,35966.31,37575.18
1622678400,37599.41,39478.95,37243.97,39208.77
1622764800,39242.48,39242.48,35717.72,36894.41
1622851200,36880.16,37917.71,34900.41,35551.96
1622937600,35538.61,36436.42,35304.58,35862.38
1623024000,35835.27,36790.57,33480.64,33560.71
1623110400,33589.52,34017.39,31114.44,33472.63
1623196800,33416.98,37537.37,32475.87,37345.12
1623283200,37389.52,38334.32,35847.59,36702.60
1623369600,36697.03,37608.70,36044.45,37334.40
1623456000,37340.14,37408.93,34728.19,35552.52
1623542400,35555.79,39322.78,34864.11,39097.86
1623628800,39016.97,40978.36,38757.29,40218.48
1623715200,40427.17,41295.27,39609.47,40406.27
1623801600,40168.69,40516.78,38176.04,38347.06
1623888000,38341.42,39513.67,37439.68,38053.50
1623974400,38099.48,38187.26,35255.86,35787.25
1624060800,35854.53,36457.80,34933.06,35615.87
1624147200,35563.14,36059.48,33432.07,35698.30
1624233600,35641.14,35721.64,31295.94,31676.69
1624320000,31622.38,33292.45,28893.62,32505.66
1624406400,32515.71,34753.41,31772.63,33723.03
1624492800,33682.80,35228.85,32385.21,34662.44
1624579200,34659.11,35487.25,31350.88,31637.78
1624665600,31594.66,32637.59,30184.50,32186.28
1624752000,32287.52,34656.13,32071.76,34649.64
1624838400,34679.12,35219.89,33902.07,34434.34
1624924800,34475.56,36542.11,34252.48,35867.78
1625011200,35908.39,36074.76,34086.15,35040.84
1625097600,35035.98,35035.98,32883.78,33572.12
1625184000,33549.60,33939.59,32770.68,33897.05
1625270400,33854.42,34909.26,33402.70,34668.55
1625356800,34665.57,35937.57,34396.48,35287.78
1625443200,35284.34,35284.34,33213.66,33746.00
1625529600,33723.51,35038.54,33599.92,34235.20
1625616000,34225.68,34997.66,33839.29,33855.33
1625702400,33889.61,33907.91,32133.18,32877.37
1625788800,32861.67,34042.29,32318.88,33798.01
1625875200,33811.24,34209.07,33116.01,33520.52
1625961600,33509.08,34584.70,33346.74,34240.19
1626048000,34254.02,34592.16,32697.31,33155.85
1626134400,33125.47,33327.10,32261.42,32702.03
1626220800,32723.85,33061.40,31639.12,32822.35
1626307200,32827.88,33159.64,31175.71,31780.73
1626393600,31841.55,32218.41,31100.67,31421.54
1626480000,31397.31,31935.95,31223.99,31533.07
1626566400,31533.88,32399.00,31215.49,31796.81
1626652800,31800.01,31885.86,30563.73,30817.83
1626739200,30838.29,31006.19,29360.96,29807.35
1626825600,29796.29,32752.33,29526.18,32110.69
1626912000,32138.87,32576.40,31745.30,32313.11
1626998400,32305.96,33581.55,32057.89,33581.55
1627084800,33593.73,34490.39,33424.86,34292.45
1627171200,34290.29,35364.93,33881.84,35350.19
1627257600,35384.03,40499.68,35287.31,37337.54
1627344000,37276.04,39406.94,36441.73,39406.94
1627430400,39503.19,40816.07,38862.44,39995.91
1627516800,39995.45,40593.07,39352.06,40008.42
1627603200,40027.48,42235.55,38397.36,42235.55
1627689600,42196.30,42231.45,41110.83,41626.20
1627776000,41460.84,42541.68,39540.94,39974.89
1627862400,39907.26,40419.18,38746.35,39201.95
1627948800,39178.40,39750.03,37782.05,38152.98
1628035200,38213.33,39952.30,37589.16,39747.50
1628121600,39744.52,41341.93,37458.00,40869.55
1628208000,40865.87,43271.66,39932.18,42816.50
1628294400,42832.80,44689.86,42618.57,44555.80
1628380800,44574.44,45282.35,43331.91,43798.12
1628467200,43791.93,46456.83,42848.69,46365.40
1628553600,46280.85,46637.99,44705.55,45585.03
1628640000,45599.70,46735.63,45351.71,45593.64
1628726400,45576.88,46228.91,43861.45,44428.29
1628812800,44439.69,47831.98,44282.42,47793.32
1628899200,47810.69,48098.68,46177.63,47096.95
1628985600,47096.67,47357.11,45579.59,47047.00
1629072000,47019.96,47998.10,45700.32,46004.48
1629158400,45936.46,47139.57,44512.42,44695.36
1629244800,44686.75,45952.06,44364.03,44801.19
1629331200,44741.88,46970.76,43998.32,46717.58
1629417600,46723.12,49342.15,46650.71,49339.18
1629504000,49327.07,49717.02,48312.20,48905.49
1629590400,48869.11,49471.61,48199.94,49321.65
1629676800,49291.68,50482.08,49074.61,49546.15
1629763200,49562.35,49878.77,47687.12,47706.12
1629849600,47727.26,49202.88,47163.61,48960.79
1629936000,49002.64,49347.58,46405.78,46942.22
1630022400,46894.55,49112.79,46394.28,49058.67
1630108800,49072.59,49283.50,48499.24,48902.40
1630195200,48911.25,49644.11,47925.86,48829.83
1630281600,48834.85,48925.61,46950.27,47054.98
1630368000,47024.34,48189.55,46750.09,47166.69
1630454400,47099.77,49111.09,46562.44,48847.03
1630540800,48807.85,50343.42,48652.32,49327.72
1630627200,49288.25,50982.27,48386.09,50025.38
1630713600,50009.32,50545.58,49548.78,49944.62
1630800000,49937.86,51868.68,49538.60,51753.41
1630886400,51769.00,52700.94,51053.68,52633.54
1630972800,52660.48,52853.77,43285.21,46811.13
1631059200,46827.76,47334.05,44561.39,46091.39
1631145600,45774.74,47261.95,45669.74,46391.42
1631232000,46396.66,47031.74,44344.48,44883.91
1631318400,44869.84,45969.29,44818.27,45201.46
1631404800,45206.63,46364.88,44790.46,46063.27
1631491200,46057.21,46598.68,43591.32,44963.07
1631577600,44960.05,47218.12,44752.33,47092.49
1631664000,47098.00,48450.47,46773.33,48176.35
1631750400,48158.91,48486.83,47079.56,47783.36
1631836800,47771.00,48160.92,46832.52,47267.52
1631923200,47273.53,48791.78,47087.29,48278.36
1632009600,48268.86,48328.37,46919.80,47260.22
1632096000,47261.41,47328.20,42598.91,42843.80
1632182400,43012.23,43607.61,39787.61,40693.68
1632268800,40677.95,43978.62,40625.63,43574.51
1632355200,43560.30,44942.18,43109.34,44895.10
1632441600,44894.30,45080.49,40936.56,42839.75
1632528000,42840.89,42996.26,41759.92,42716.59
1632614400,42721.63,43919.30,40848.46,43208.54
1632700800,43234.18,44313.25,42190.63,42235.73
1632787200,42200.90,42775.14,40931.66,41034.54
1632873600,41064.98,42545.26,40829.67,41564.36
1632960000,41551.27,44092.60,41444.58,43790.89
1633046400,43816.74,48436.01,43320.02,48116.94
1633132800,48137.47,48282.06,47465.50,47711.49
1633219200,47680.03,49130.69,47157.29,48199.95
1633305600,48208.91,49456.78,47045.00,49112.90
1633392000,49174.96,51839.98,49072.84,51514.81
1633478400,51486.66,55568.46,50488.19,55361.45
1633564800,55338.62,55338.62,53525.47,53805.98
1633651200,53802.14,55922.98,53688.05,53967.85
1633737600,53929.78,55397.95,53735.14,54968.22
1633824000,54952.82,56401.30,54264.26,54771.58
1633910400,54734.12,57793.04,54519.77,57484.79
1633996800,57526.83,57627.88,54477.97,56041.06
1634083200,56038.26,57688.66,54370.97,57401.10
1634169600,57372.83,58478.73,56957.07,57321.52
1634256000,57345.90,62757.13,56868.14,61593.95
1634342400,61609.53,62274.48,60206.12,60892.18
1634428800,60887.65,61645.52,59164.47,61553.62
1634515200,61548.80,62614.66,60012.76,62026.08
1634601600,62043.16,64434.54,61622.93,64261.99
1634688000,64284.59,66930.39,63610.68,65992.84
1634774400,66002.23,66600.55,62117.41,62210.17
1634860800,62237.89,63715.02,60122.80,60692.27
1634947200,60694.63,61743.88,59826.52,61393.62
1635033600,61368.34,61505.80,59643.34,60930.84
1635120000,60893.93,63729.32,60691.80,63039.82
1635206400,63032.76,63229.03,59991.16,60363.79
1635292800,60352.00,61435.18,58208.19,58482.39
1635379200,58470.73,62128.63,58206.92,60622.14
1635465600,60624.87,62927.61,60329.96,62227.96
1635552000,62239.36,62330.14,60918.39,61888.83
1635638400,61850.49,62406.17,60074.33,61318.96
1635724800,61320.45,62419.00,59695.18,61004.41
1635811200,60963.25,64242.79,60673.05,63226.40
1635897600,63254.34,63516.94,61184.24,62970.05
1635984000,62941.80,63123.29,60799.66,61452.23
1636070400,61460.08,62541.47,60844.61,61125.68
1636156800,61068.88,61590.68,60163.78,61527.48
1636243200,61554.92,63326.99,61432.49,63326.99
1636329600,63344.07,67673.74,63344.07,67566.83
1636416000,67549.73,68530.34,66382.06,66971.83
1636502400,66953.34,68789.62,63208.11,64995.23
1636588800,64978.89,65579.02,64180.49,64949.96
1636675200,64863.98,65460.82,62333.91,64155.94
1636761600,64158.12,64915.68,63303.73,64469.53
1636848000,64455.37,65495.18,63647.81,65466.84
1636934400,65521.29,66281.57,63548.14,63557.87
1637020800,63721.20,63721.20,59016.34,60161.25
1637107200,60139.62,60823.61,58515.41,60368.01
1637193600,60360.14,60948.50,56550.79,56942.14
1637280000,56896.13,58351.11,55705.18,58119.58
1637366400,58115.08,59859.88,57469.73,59697.20
1637452800,59730.51,60004.43,58618.93,58730.48
1637539200,58706.85,59266.36,55679.84,56289.29
1637625600,56304.55,57875.52,55632.76,57569.07
1637712000,57565.85,57803.07,55964.22,56280.43
1637798400,57165.42,59367.97,57146.68,57274.68
1637884800,58960.29,59183.48,53569.77,53569.77
1637971200,53736.43,55329.26,53668.36,54815.08
1638057600,54813.02,57393.84,53576.73,57248.46
1638144000,57291.91,58872.88,56792.53,57806.57
1638230400,57830.11,59113.40,56057.28,57005.43
1638316800,56907.96,59041.68,56553.08,57229.83
1638403200,57217.37,57349.23,55895.13,56477.82
1638489600,56509.16,57482.17,52496.59,53598.25
1638576000,53727.88,53904.68,42874.62,49200.70
1638662400,49201.52,49768.15,47857.50,49368.85
1638748800,49413.48,50929.52,47281.04,50582.62
1638835200,50581.83,51934.78,50175.81,50700.09
1638921600,50667.65,51171.38,48765.99,50504.80
1639008000,50450.08,50797.16,47358.35,47672.12
1639094400,47642.14,50015.25,47023.70,47243.30
1639180800,47264.63,49458.21,46942.35,49362.51
1639267200,49354.86,50724.87,48725.85,50098.34
1639353600,50114.74,50205.00,45894.85,46737.48
1639440000,46709.82,48431.40,46424.50,46612.63
1639526400,48379.75,49473.96,46671.96,48896.72
1639612800,48900.46,49425.57,47529.88,47665.43
1639699200,47653.73,48004.89,45618.21,46202.14
1639785600,46219.25,47313.83,45598.44,46848.78
1639872000,46853.87,48089.66,46502.95,46707.02
1639958400,46707.06,47401.72,45579.81,46880.28
1640044800,46886.08,49300.92,46698.77,48936.61
1640131200,48937.10,49544.80,48450.94,48628.51
1640217600,48626.34,51332.34,48065.84,50784.54
1640304000,50806.05,51814.03,50514.50,50822.20
1640390400,50854.92,51176.60,50236.71,50429.86
1640476800,50428.69,51196.38,49623.11,50809.52
1640563200,50802.61,51956.33,50499.47,50640.42
1640649600,50679.86,50679.86,47414.21,47588.86
1640736000,47623.87,48119.74,46201.50,46444.71
1640822400,46490.61,47879.96,46060.31,47178.12
1640908800,47169.37,48472.53,45819.95,46306.45
1640995200,46311.75,47827.31,46288.48,47686.81
1641081600,47680.93,47881.41,46856.94,47345.22
1641168000,47343.54,47510.73,45835.96,46458.12
1641254400,46458.85,47406.55,45752.46,45897.57
1641340800,45899.36,46929.05,42798.22,43569.00
1641427200,43565.51,43748.72,42645.54,43160.93
1641513600,43153.57,43153.57,41077.45,41557.90
1641600000,41561.46,42228.94,40672.28,41733.94
1641686400,41734.73,42663.95,41338.16,41911.60
1641772800,41910.23,42199.48,39796.57,41821.26
1641859200,41819.51,43001.16,41407.75,42735.86
1641945600,42742.18,44135.37,42528.99,43949.10
1642032000,43946.74,44278.42,42447.04,42591.57
1642118400,42598.87,43346.69,41982.62,43099.70
1642204800,43101.90,43724.67,42669.04,43177.40
1642291200,43172.04,43436.81,42691.02,43113.88
1642377600,43118.12,43179.39,41680.32,42250.55
1642464000,42250.07,42534.40,41392.21,42375.63
1642550400,42374.04,42478.30,41242.91,41744.33
1642636800,41744.03,43413.02,40672.82,40680.42
1642723200,40699.61,41060.53,35791.43,36457.32
1642809600,36471.59,36688.81,34349.25,35030.25
1642896000,35047.36,36433.31,34784.97,36276.80
1642982400,36275.73,37247.52,33184.06,36654.33
1643068800,36654.80,37444.57,35779.43,36954.00
1643155200,36950.52,38825.41,36374.91,36852.12
1643241600,36841.88,37148.32,35629.28,37138.23
1643328000,37128.45,37952.88,36211.11,37784.33
1643414400,37780.71,38576.26,37406.47,38138.18
1643500800,38151.92,38266.34,37437.71,37917.60
1643587200,37920.28,38647.26,36733.57,38483.12
1643673600,38481.77,39115.13,38113.66,38743.27
1643760000,38743.71,38834.62,36832.73,36952.98
1643846400,36944.80,37154.60,36375.54,37154.60
1643932800,37149.27,41527.79,37093.63,41500.88
1644019200,41501.48,41847.16,41038.10,41441.16
1644105600,41441.12,42500.79,41244.91,42412.43
1644192000,42406.78,44401.86,41748.16,43840.29
1644278400,43854.65,45293.87,42807.84,44118.45
1644364800,44096.70,44727.80,43232.97,44338.80
1644451200,44347.80,45661.17,43402.81,43565.11
1644537600,43571.13,43810.83,42114.54,42407.94
1644624000,42412.30,42992.55,41852.57,42244.47
1644710400,42236.57,42693.05,41950.94,42197.52
1644796800,42157.40,42775.78,41681.96,42586.92
1644883200,42586.46,44667.22,42491.04,44575.20
1644969600,44578.28,44578.28,43456.69,43961.86
1645056000,43937.07,44132.97,40249.37,40538.01
1645142400,40552.13,40929.15,39637.62,40030.98
1645228800,40026.02,40418.88,39713.06,40122.16
1645315200,40118.10,40119.89,38112.81,38431.38
1645401600,38423.21,39394.44,36950.48,37075.28
1645488000,37068.77,38359.86,36488.93,38286.03
1645574400,38285.28,39122.39,37201.82,37296.57
1645660800,37278.57,38968.84,34459.22,38332.61
1645747200,38333.75,39630.32,38111.34,39214.22
1645833600,39213.08,40005.35,38702.54,39105.15
1645920000,39098.70,39778.94,37268.98,37709.79
1646006400,37706.00,43760.46,37518.21,43193.23
1646092800,43194.50,44793.60,42952.59,44354.64
1646179200,44357.62,45077.58,43432.85,43924.12
1646265600,43925.20,44021.58,41914.75,42451.79
1646352000,42458.14,42479.61,38805.85,39137.61
1646438400,39148.45,39566.34,38777.04,39400.59
1646524800,39404.20,39640.18,38211.65,38419.98
1646611200,38429.30,39430.23,37260.20,38062.04
1646697600,38059.90,39304.44,37957.39,38737.27
1646784000,38742.82,42465.67,38706.09,41982.93
1646870400,41974.07,42004.73,38832.94,39437.46
1646956800,39439.97,40081.68,38347.43,38794.97
1647043200,38794.46,39308.60,38772.54,38904.01
1647129600,38884.73,39209.35,37728.14,37849.66
1647216000,37846.32,39742.50,37680.73,39666.75
1647302400,39664.25,39794.63,38310.21,39338.79
1647388800,39335.57,41465.45,39022.35,41143.93
1647475200,41140.84,41287.54,40662.87,40951.38
1647561600,40944.84,42195.75,40302.40,41801.16
1647648000,41794.65,42316.55,41602.67,42190.65
1647734400,42191.41,42241.16,41004.76,41247.82
1647820800,41246.13,41454.41,40668.04,41078.00
1647907200,41074.11,43124.71,40948.28,42358.81
1647993600,42364.38,42893.51,41877.51,42892.96
1648080000,42886.65,44131.86,42726.16,43960.93
1648166400,43964.55,44999.49,43706.29,44348.73
1648252800,44349.86,44736.00,44166.27,44500.83
1648339200,44505.36,46827.55,44437.29,46820.49
1648425600,46821.85,48086.84,46690.20,47128.00
1648512000,47100.44,48022.29,47100.44,47465.73
1648598400,47456.90,47655.15,46746.21,47062.66
1648684800,47062.15,47512.03,45390.54,45538.68
1648771200,45554.16,46616.24,44403.14,46281.64
1648857600,46285.50,47028.28,45782.51,45868.95
1648944000,45859.13,47313.48,45634.11,46453.57
1649030400,46445.27,46791.09,45235.82,46622.68
1649116800,46624.51,47106.14,45544.81,45555.99
1649203200,45544.36,45544.36,43193.95,43206.74
1649289600,43207.50,43860.70,42899.91,43503.85
1649376000,43505.14,43903.02,42183.29,42287.66
1649462400,42282.08,42786.82,42183.25,42782.14
1649548800,42781.09,43376.38,42021.21,42207.67
1649635200,42201.04,42424.59,39373.06,39521.90
1649721600,39533.71,40617.59,39388.33,40127.18
1649808000,40123.57,41430.05,39712.75,41166.73
1649894400,41160.22,41451.48,39695.75,39935.52
1649980800,39939.40,40617.72,39866.83,40553.46
1650067200,40552.32,40633.68,40078.43,40424.48
1650153600,40417.78,40570.73,39620.89,39716.95
1650240000,39721.20,40986.32,38696.19,40826.21
1650326400,40828.18,41672.96,40618.63,41502.75
1650412800,41501.75,42126.30,40961.10,41374.38
1650499200,41371.52,42893.58,40063.83,40527.36
1650585600,40525.86,40777.76,39315.42,39740.32
1650672000,39738.72,39935.86,39352.20,39486.73
1650758400,39478.38,39845.93,39233.54,39469.29
1650844800,39472.61,40491.75,38338.38,40458.31
1650931200,40448.42,40713.89,37884.98,38117.46
1651017600,38120.30,39397.92,37997.31,39241.12
1651104000,39241.43,40269.46,38941.42,39773.83
1651190400,39768.62,39887.27,38235.54,38609.82
1651276800,38605.86,38771.21,37697.94,37714.88
1651363200,37713.27,38627.86,37585.79,38469.09
1651449600,38472.19,39074.97,38156.56,38529.33
1651536000,38528.11,38630.00,37585.62,37750.45
1651622400,37748.01,39902.95,37732.06,39698.37
1651708800,39695.75,39789.28,35856.52,36575.14
1651795200,36573.18,36624.36,35482.13,36040.92
1651881600,36042.50,36129.93,34940.82,35501.95
1651968000,35502.94,35502.94,33878.96,34059.27
1652054400,34060.02,34222.07,30296.95,30296.95
1652140800,30273.65,32596.31,29944.80,31022.91
1652227200,31016.18,32013.40,28170.41,28936.36
1652313600,28936.73,30032.44,26350.49,29047.75
1652400000,29030.91,30924.80,28782.33,29283.10
1652486400,29285.64,30192.80,28702.91,30101.27
1652572800,30098.59,31308.19,29527.74,31305.11
1652659200,31304.38,31305.34,29251.88,29862.92
1652745600,29862.41,30694.49,29570.30,30425.86
1652832000,30424.48,30618.72,28720.27,28720.27
1652918400,28720.36,30430.75,28708.96,30314.33
1653004800,30311.12,30664.98,28793.61,29200.74
1653091200,29199.86,29588.87,29027.39,29432.23
1653177600,29432.47,30425.86,29275.18,30323.72
1653264000,30309.40,30590.59,28975.56,29098.91
1653350400,29101.12,29774.36,28786.59,29655.59
1653436800,29653.13,30157.79,29384.95,29562.36
1653523200,29564.78,29834.16,28261.91,29267.22
1653609600,29251.14,29346.94,28326.61,28627.57
1653696000,28622.62,28814.90,28554.57,28814.90
1653782400,29019.87,29498.01,28841.11,29445.96
1653868800,29443.37,31949.63,29303.57,31726.39
1653955200,31723.87,32249.86,31286.15,31792.31
1654041600,31792.55,31957.29,29501.59,29799.08
1654128000,29794.89,30604.73,29652.71,30467.49
1654214400,30467.81,30633.04,29375.69,29704.39
1654300800,29706.14,29930.56,29500.01,29832.91
1654387200,29835.12,30117.74,29574.45,29906.66
1654473600,29910.28,31693.29,29894.19,31370.67
1654560000,31371.74,31489.68,29311.68,31155.48
1654646400,31151.48,31253.69,29944.40,30214.36
1654732800,30215.28,30609.31,30020.27,30112.00
1654819200,30110.33,30245.81,28978.15,29083.80
1654905600,29084.67,29401.92,28236.21,28360.81
1654992000,28373.51,28502.69,26762.65,26762.65
1655078400,26737.58,26795.59,22141.26,22487.39
1655164800,22487.99,23018.95,20950.82,22206.79
1655251200,22196.73,22642.67,20178.38,22572.84
1655337600,22576.30,22868.92,20265.23,20381.65
1655424000,20385.72,21243.31,20326.52,20471.48
1655510400,20473.43,20736.04,17708.62,19017.64
1655596800,19010.90,20683.82,18067.15,20553.27
1655683200,20553.37,20913.32,19689.17,20599.54
1655769600,20594.29,21620.63,20415.06,20710.60
1655856000,20719.41,20835.75,19848.08,19987.03
1655942400,19986.61,21135.76,19950.12,21085.88
1656028800,21084.65,21472.92,20777.51,21231.66
1656115200,21233.61,21520.91,20964.59,21502.34
1656201600,21496.49,21783.72,21016.27,21027.29
1656288000,21028.24,21478.09,20620.20,20735.48
1656374400,20731.54,21164.42,20228.81,20280.63
1656460800,20281.17,20364.16,19937.79,20104.02
1656547200,20108.31,20141.16,18729.66,19784.73
1656633600,19820.47,20632.67,19073.71,19269.37
1656720000,19274.84,19371.75,19027.08,19242.26
1656806400,19242.10,19558.27,18966.95,19297.08
1656892800,19297.31,20258.75,19063.07,20231.26
1656979200,20225.35,20635.47,19341.23,20190.12
1657065600,20194.62,20595.53,19823.51,20548.25
1657152000,20547.81,21771.82,20296.10,21637.59
1657238400,21637.15,22314.94,21257.45,21731.12
1657324800,21716.83,21877.14,21445.96,21592.21
1657411200,21591.08,21591.08,20727.12,20860.45
1657497600,20856.35,20856.35,19924.54,19970.56
1657584000,19970.47,20043.45,19308.53,19323.91
1657670400,19325.97,20223.05,18999.95,20212.07
1657756800,20211.47,20789.89,19689.26,20569.92
1657843200,20573.16,21138.24,20397.00,20836.33
1657929600,20834.10,21514.40,20518.90,21190.32
1658016000,21195.04,21600.64,20778.18,20779.34
1658102400,20781.91,22633.03,20781.91,22485.69
1658188800,22467.85,23666.96,21683.41,23389.43
1658275200,23393.19,24196.82,23009.95,23231.73
1658361600,23233.20,23388.32,22431.15,23164.63
1658448000,23163.75,23671.93,22603.42,22714.98
1658534400,22706.98,22977.21,22002.91,22465.48
1658620800,22465.51,22974.00,22306.84,22609.16
1658707200,22607.16,22649.12,21361.64,21361.70
1658793600,21361.12,21361.12,20776.82,21239.75
1658880000,21244.17,22986.53,21070.81,22930.55
1658966400,22933.64,24110.47,22722.27,23843.89
1659052800,23845.21,24294.79,23481.17,23804.63
1659139200,23796.82,24572.58,23580.51,23656.21
1659225600,23652.07,24121.64,23275.70,23336.90
1659312000,23336.72,23464.79,22890.80,23314.20
1659398400,23308.43,23415.04,22710.08,22978.12
1659484800,22981.30,23578.65,22747.84,22846.51
1659571200,22848.21,23198.01,22485.70,22630.96
1659657600,22626.83,23422.83,22612.18,23289.31
1659744000,23291.42,23326.56,22961.28,22961.28
1659830400,22963.51,23359.01,22894.56,23175.89
1659916800,23179.53,24203.69,23176.55,23809.49
1660003200,23811.48,23898.62,22982.00,23164.32
1660089600,23162.90,24127.41,22771.52,23947.64
1660176000,23948.35,24822.63,23901.00,23957.53
1660262400,23957.20,24412.57,23657.27,24402.82
1660348800,24402.19,24860.05,24346.12,24424.07
1660435200,24429.06,24974.91,24206.26,24319.33
1660521600,24318.32,25135.59,23839.78,24136.97
1660608000,24126.14,24228.42,23733.50,23883.29
1660694400,23881.32,24407.06,23243.35,23336.00
1660780800,23341.04,23563.83,23177.60,23212.74
1660867200,23213.31,23213.31,20868.85,20877.55
1660953600,20872.84,21350.81,20856.73,21166.06
1661040000,21160.39,21668.85,21103.20,21534.12
1661126400,21531.46,21531.46,20939.18,21398.91
1661212800,21401.04,21646.20,20955.14,21528.09
1661299200,21526.46,21783.08,21195.01,21395.02
1661385600,21395.46,21789.64,21362.44,21600.90
1661472000,21596.09,21804.91,20199.48,20260.02
1661558400,20262.48,20340.78,19890.52,20041.74
1661644800,20041.04,20139.05,19616.81,19616.81
1661731200,19615.15,20357.46,19600.79,20297.99
1661817600,20298.61,20542.64,19617.64,19796.81
1661904000,19799.58,20420.99,19799.58,20049.76
1661990400,20050.50,20198.39,19653.97,20127.14
1662076800,20126.07,20401.57,19814.77,19969.77
1662163200,19969.72,20037.01,19698.36,19832.09
1662249600,19832.47,19999.69,19636.82,19986.71
1662336000,19988.79,20031.16,19673.05,19812.37
1662422400,19817.72,20155.27,18800.17,18837.67
1662508800,18837.68,19427.17,18644.47,19290.32
1662595200,19289.94,19417.35,19076.71,19329.83
1662681600,19328.14,21439.41,19310.96,21381.15
1662768000,21376.91,21760.28,21168.72,21680.54
1662854400,21678.54,21770.55,21406.95,21769.26
1662940800,21770.15,22439.18,21603.90,22370.45
1663027200,22371.48,22673.82,20062.67,20296.71
1663113600,20184.55,20467.20,19793.40,20241.09
1663200000,20242.29,20318.17,19636.73,19701.21
1663286400,19704.01,19870.63,19400.08,19772.58
1663372800,19777.03,20162.53,19777.03,20127.58
1663459200,20127.23,20127.23,19387.49,19419.51
1663545600,19418.57,19639.48,18390.32,19544.13
1663632000,19545.59,19602.46,18813.46,18890.79
1663718400,18891.28,19674.63,18290.31,18547.40
1663804800,18534.65,19456.91,18415.59,19413.55
1663891200,19412.40,19464.67,18617.55,19297.64
1663977600,19296.99,19310.20,18861.97,18937.01
1664064000,18936.31,19134.73,18696.47,18802.10
1664150400,18803.90,19274.87,18721.29,19222.67
1664236800,19221.84,20338.46,18915.67,19110.55
1664323200,19104.62,19688.34,18553.30,19426.72
1664409600,19427.78,19589.27,18924.35,19573.05
1664496000,19573.43,20109.85,19265.66,19431.79
1664582400,19431.11,19471.15,19231.08,19312.10
1664668800,19311.85,19370.31,18970.62,19044.11
1664755200,19044.07,19653.54,19025.23,19623.58
1664841600,19623.58,20380.34,19523.84,20336.84
1664928000,20335.90,20343.75,19801.80,20160.72
1665014400,20161.04,20408.39,19900.09,19955.44
1665100800,19957.56,20041.09,19395.79,19546.85
1665187200,19546.33,19601.70,19299.41,19416.57
1665273600,19417.48,19542.54,19349.26,19446.43
1665360000,19446.42,19515.47,19102.98,19141.48
1665446400,19139.00,19241.96,18925.60,19051.42
1665532800,19052.65,19203.20,19029.76,19157.45
1665619200,19156.97,19453.33,18319.82,19382.90
1665705600,19382.53,19889.15,19115.41,19185.66
1665792000,19185.44,19212.54,19019.25,19067.63
1665878400,19068.91,19389.60,19068.91,19268.09
1665964800,19268.56,19635.80,19173.33,19550.76
1666051200,19550.47,19666.99,19144.77,19334.42
1666137600,19335.03,19348.42,19127.69,19139.54
1666224000,19138.09,19315.20,18971.46,19053.74
1666310400,19053.20,19237.38,18770.97,19172.47
1666396800,19172.38,19248.07,19132.24,19208.19
1666483200,19207.73,19646.65,19124.20,19567.01
1666569600,19567.77,19589.12,19206.32,19345.57
1666656000,19344.96,20348.41,19261.45,20095.86
1666742400,20092.24,20938.13,20076.12,20770.44
1666828800,20772.80,20854.04,20255.37,20285.84
1666915200,20287.96,20724.98,20086.07,20595.35
1667001600,20595.10,20988.39,20566.48,20818.48
1667088000,20817.98,20917.01,20547.46,20635.60
1667174400,20633.70,20795.32,20287.46,20495.77
1667260800,20494.90,20647.29,20359.85,20485.27
1667347200,20482.96,20742.81,20087.13,20159.50
1667433600,20162.69,20382.10,20086.24,20209.99
1667520000,20208.77,21209.56,20188.02,21147.23
1667606400,21144.83,21446.89,21097.63,21282.69
1667692800,21285.06,21345.38,20920.19,20926.49
1667779200,20924.62,21053.25,20489.97,20602.82
1667865600,20600.67,20664.61,17603.54,18541.27
1667952000,18543.76,18590.46,15682.69,15880.78
1668038400,15883.16,18054.31,15834.02,17586.77
1668124800,17583.25,17650.94,16543.48,17034.29
1668211200,17036.88,17066.68,16651.78,16799.19
1668297600,16799.72,16920.77,16320.63,16353.37
1668384000,16352.03,17109.32,15872.94,16618.20
1668470400,16617.48,17051.96,16542.55,16884.61
1668556800,16884.34,16960.29,16430.11,16669.44
1668643200,16670.43,16726.44,16460.68,16687.52
1668729600,16687.91,16947.06,16564.61,16697.78
1668816000,16696.22,16797.88,16570.41,16711.55
1668902400,16712.92,16746.78,16248.69,16291.83
1668988800,16291.22,16291.22,15599.05,15787.28
1669075200,15782.30,16253.05,15656.61,16189.77
1669161600,16195.59,16638.19,16170.50,16610.71
1669248000,16611.64,16771.47,16501.77,16604.46
1669334400,16602.27,16603.32,16388.40,16521.84
1669420800,16521.58,16666.86,16416.23,16464.28
1669507200,16463.88,16594.41,16437.03,16444.63
1669593600,16440.22,16482.93,16054.53,16217.32
1669680000,16217.64,16522.26,16139.40,16444.98
1669766400,16445.48,17190.94,16445.48,17168.57
1669852800,17168.00,17197.50,16888.39,16967.13
1669939200,16968.68,17088.66,16877.88,17088.66
1670025600,17090.10,17116.04,16888.14,16908.24
1670112000,16908.17,17157.77,16903.44,17130.49
1670198400,17128.89,17378.15,16922.43,16974.83
1670284800,16975.24,17091.86,16939.92,17089.50
1670371200,17089.51,17109.38,16750.56,16848.13
1670457600,16847.35,17267.92,16788.78,17233.47
1670544000,17232.15,17280.55,17100.84,17133.15
1670630400,17134.22,17216.83,17120.68,17128.72
1670716800,17129.71,17245.63,17091.82,17104.19
1670803200,17102.50,17212.56,16899.39,17206.44
1670889600,17206.44,17930.09,17111.76,17781.32
1670976000,17782.07,18318.53,17739.51,17815.65
1671062400,17813.64,17846.74,17322.59,17364.87
1671148800,17364.55,17505.53,16584.70,16647.48
1671235200,16646.98,16800.59,16614.03,16795.09
1671321600,16795.61,16815.39,16697.82,16757.98
1671408000,16759.04,16807.53,16398.14,16439.68
1671494400,16441.79,17012.98,16427.87,16906.30
1671580800,16904.53,16916.80,16755.91,16817.54
1671667200,16818.38,16866.67,16592.41,16830.34
1671753600,16829.64,16905.22,16794.46,16796.95
1671840000,16796.98,16864.70,16793.53,16847.76
1671926400,16847.51,16860.55,16755.25,16841.99
1672012800,16842.25,16920.12,16812.37,16919.80
1672099200,16919.29,16959.85,16642.07,16717.17
1672185600,16716.40,16768.17,16497.56,16552.57
1672272000,16552.32,16651.76,16508.68,16642.34
1672358400,16641.33,16643.43,16408.47,16602.59
1672444800,16603.67,16628.99,16517.52,16547.50
1672531200,16547.91,16630.44,16521.23,16625.08
1672617600,16625.51,16759.34,16572.23,16688.47
1672704000,16688.85,16760.45,16622.37,16679.86
1672790400,16680.21,16964.59,16667.76,16863.24
1672876800,16863.47,16884.02,16790.28,16836.74
1672963200,16836.47,16991.99,16716.42,16951.97
1673049600,16952.12,16975.02,16914.19,16955.08
1673136000,16954.15,17091.14,16924.05,17091.14
1673222400,17093.99,17389.96,17093.99,17196.55
1673308800,17192.95,17484.72,17162.99,17446.29
1673395200,17446.36,17934.90,17337.99,17934.90
1673481600,18117.59,19030.09,17995.20,18869.59
1673568000,18868.91,19964.32,18753.16,19909.57
1673654400,19910.54,21075.14,19907.83,20976.30
1673740800,20977.48,20993.75,20606.99,20880.80
1673827200,20882.22,21360.88,20715.75,21169.63
1673913600,21175.83,21438.66,20978.53,21161.52
1674000000,21161.05,21564.50,20541.54,20688.78
1674086400,20686.75,21163.01,20685.38,21086.79
1674172800,21085.37,22692.36,20919.13,22676.55
1674259200,22677.43,23282.35,22511.83,22777.62
1674345600,22777.99,23056.73,22387.90,22720.42
1674432000,22721.09,23126.49,22654.30,22934.43
1674518400,22929.63,23134.01,22549.74,22636.47
1674604800,22639.27,23722.10,22406.08,23117.86
1674691200,23108.96,23237.08,22911.37,23032.78
1674777600,23030.72,23417.72,22654.59,23078.73
1674864000,23079.96,23165.90,22908.85,23031.09
1674950400,23031.45,23919.89,22985.07,23774.57
1675036800,23774.65,23789.35,22657.58,22840.14
1675123200,22840.80,23225.02,22765.57,23139.28
1675209600,23137.84,23764.54,22877.75,23723.77
1675296000,23720.82,24167.21,23468.60,23471.87
1675382400,23469.41,23678.10,23279.96,23449.32
1675468800,23446.32,23556.95,23291.79,23331.85
1675555200,23332.25,23423.44,22841.76,22955.67
1675641600,22954.02,23119.28,22692.03,22760.11
1675728000,22757.27,23310.97,22756.26,23264.29
1675814400,23263.42,23367.96,22731.10,22939.40
1675900800,22946.57,22996.44,21773.97,21819.04
1675987200,21819.01,21941.19,21539.39,21651.18
1676073600,21651.84,21891.41,21618.45,21870.88
1676160000,21870.90,22060.99,21682.83,21788.20
1676246400,21787.00,21898.41,21460.09,21808.10
1676332800,21801.82,22293.14,21632.39,22220.80
1676419200,22220.59,24307.84,22082.77,24307.84
1676505600,24307.35,25134.12,23602.52,23623.47
1676592000,23621.28,24924.04,23460.76,24565.60
1676678400,24565.30,24798.84,24468.37,24641.28
1676764800,24640.03,25093.05,24327.64,24327.64
1676851200,24336.62,25020.46,23927.91,24829.15
1676937600,24833.05,25126.85,24200.36,24436.35
1677024000,24437.42,24472.34,23644.32,24188.84
1677110400,24190.72,24572.09,23693.92,23947.49
1677196800,23946.01,24103.71,23007.07,23198.13
1677283200,23200.12,23210.21,22861.56,23175.38
1677369600,23174.15,23654.37,23084.22,23561.21
1677456000,23561.45,23857.89,23205.88,23522.87
1677542400,23521.84,23585.38,23077.65,23147.35
1677628800,23150.93,23880.63,23088.63,23646.55
1677715200,23647.02,23739.14,23245.02,23475.47
1677801600,23476.63,23479.35,22213.24,22362.68
1677888000,22362.92,22405.18,22198.98,22353.35
1677974400,22354.14,22613.69,22307.14,22435.51
1678060800,22436.82,22584.29,22331.31,22429.76
1678147200,22428.32,22527.42,22011.26,22219.77
1678233600,22216.44,22268.90,21708.05,21718.08
1678320000,21720.08,21802.72,20210.31,20363.02
1678406400,20367.00,20370.60,19628.25,20187.24
1678492800,20187.88,20792.53,20068.66,20632.41
1678579200,20628.03,22185.03,20448.81,22163.95
1678665600,22156.41,24550.84,21918.20,24197.53
1678752000,24201.77,26514.72,24081.18,24746.07
1678838400,24770.93,25240.62,23964.91,24375.96
1678924800,24373.46,25190.33,24225.11,25052.79
1679011200,25055.12,27787.81,24955.17,27423.93
1679097600,27448.12,27725.95,26636.26,26965.88
1679184000,26969.50,28440.56,26907.72,28038.68
1679270400,28041.60,28527.72,27242.88,27767.24
1679356800,27768.39,28439.56,27439.65,28175.82
1679443200,28158.72,28803.34,26760.00,27307.44
1679529600,27301.96,28729.84,27183.36,28333.97
1679616000,28324.11,28388.44,27039.27,27493.29
1679702400,27487.34,27791.83,27196.23,27494.71
1679788800,27495.52,28178.14,27445.05,27994.33
1679875200,27994.07,28037.93,26606.69,27139.89
1679961600,27132.89,27460.72,26677.82,27268.13
1680048000,27267.03,28619.54,27259.66,28348.44
1680134400,28350.14,29159.90,27720.16,28033.56
1680220800,28032.26,28639.90,27583.71,28478.48
1680307200,28473.33,28802.46,28297.17,28411.04
1680393600,28462.85,28518.96,27884.09,28199.31
1680480000,28183.08,28475.62,27276.72,27790.22
1680566400,27795.27,28433.74,27681.30,28168.09
1680652800,28169.73,28739.24,27843.76,28177.98
1680739200,28175.23,28178.38,27738.76,28044.14
1680825600,28038.97,28111.59,27794.03,27925.86
1680912000,27920.51,28159.86,27883.39,27947.79
1680998400,27952.37,28532.83,27828.48,28333.05
1681084800,28336.03,29771.46,28189.27,29652.98
1681171200,29653.68,30509.08,29609.30,30235.06
1681257600,30231.58,30462.48,29725.57,30139.05
1681344000,29892.74,30539.85,29878.62,30399.07
1681430400,30409.56,31005.61,30044.50,30485.70
1681516800,30490.75,30601.74,30245.88,30318.50
1681603200,30315.98,30555.54,30157.83,30315.36
1681689600,30317.15,30319.20,29275.37,29445.04
1681776000,29449.09,30470.30,29154.85,30397.55
1681862400,30394.19,30411.05,28669.90,28822.68
1681948800,28823.68,29076.40,28037.26,28245.99
1682035200,28249.23,28349.97,27177.37,27276.91
1682121600,27265.89,27872.14,27169.57,27817.50
1682208000,27816.14,27820.24,27400.31,27591.38
1682294400,27591.73,27979.98,27070.85,27525.34
1682380800,27514.87,28371.08,27207.93,28307.60
1682467200,28300.06,29995.84,27324.55,28422.70
1682553600,28428.46,29871.55,28402.89,29473.79
1682640000,29481.01,29572.79,28929.61,29340.26
1682726400,29336.57,29452.46,29088.04,29248.49
1682812800,29245.52,29952.03,29114.02,29268.81
1682899200,29227.10,29329.94,27680.79,28091.57
1682985600,28087.18,28881.30,27924.12,28680.54
1683072000,28680.49,29259.53,28178.39,29006.31
1683158400,29031.30,29353.19,28694.04,28847.71
1683244800,28851.48,29668.91,28845.51,29534.38
1683331200,29538.86,29820.13,28468.97,28904.62
1683417600,28901.62,29157.52,28441.37,28454.98
1683504000,28450.46,28663.27,27310.13,27694.27
1683590400,27695.07,27821.40,27375.60,27658.78
1683676800,27654.64,28322.69,26883.67,27621.76
1683763200,27621.09,27621.94,26781.83,27000.79
1683849600,26987.66,27055.65,25878.43,26804.99
1683936000,26807.77,27030.48,26710.87,26784.08
1684022400,26788.97,27150.98,26661.36,26930.64
1684108800,26931.38,27646.35,26766.10,27192.69
1684195200,27171.51,27299.30,26878.95,27036.65
1684281600,27035.47,27465.93,26600.14,27398.80
1684368000,27401.65,27466.53,26415.10,26832.21
1684454400,26826.75,27128.62,26700.21,26890.13
1684540800,26888.84,27155.16,26843.28,27129.59
1684627200,27118.42,27265.92,26706.92,26753.83
1684713600,26749.89,27045.73,26549.73,26851.28
1684800000,26855.96,27434.68,26816.18,27225.73
1684886400,27224.60,27224.60,26106.58,26334.82
1684972800,26329.46,26591.52,25890.59,26476.21
1685059200,26474.18,26916.67,26343.95,26719.29
1685145600,26720.18,26888.88,26621.14,26868.35
1685232000,26871.16,28193.45,26802.75,28085.65
1685318400,28075.59,28432.04,27563.88,27745.88
1685404800,27745.12,28044.76,27588.50,27702.35
1685491200,27700.53,27831.68,26866.45,27219.66
1685577600,27218.41,27346.11,26671.72,26819.97
1685664000,26824.56,27303.86,26574.64,27249.59
1685750400,27252.32,27317.05,26958.00,27075.13
1685836800,27075.12,27407.02,26968.22,27119.07
1685923200,27123.11,27129.98,25445.17,25760.10
1686009600,25732.11,27313.82,25434.87,27238.78
1686096000,27235.65,27332.18,26146.99,26346.00
1686182400,26347.65,26797.51,26246.66,26508.22
1686268800,26505.92,26770.29,26339.31,26480.38
1686355200,26481.76,26531.04,25501.84,25851.24
1686441600,25854.03,26203.44,25668.99,25940.17
1686528000,25934.29,26087.92,25675.20,25902.50
1686614400,25902.94,26376.35,25728.37,25918.73
1686700800,25920.26,26041.80,24902.15,25124.68
1686787200,25121.67,25735.31,24797.17,25576.39
1686873600,25575.28,26463.17,25245.36,26327.46
1686960000,26328.68,26769.39,26174.49,26510.68
1687046400,26510.46,26675.93,26325.89,26336.21
1687132800,26335.44,26984.61,26312.83,26851.03
1687219200,26841.66,28388.97,26668.79,28327.49
1687305600,28311.31,30737.33,28283.41,30027.30
1687392000,29995.94,30496.00,29679.16,29912.28
1687478400,29896.38,31389.54,29845.21,30695.47
1687564800,30708.74,30804.15,30290.15,30548.70
1687651200,30545.15,31041.27,30327.94,30480.26
1687737600,30480.52,30636.03,29955.74,30271.13
1687824000,30274.32,31006.79,30236.65,30688.16
1687910400,30696.56,30703.28,29921.82,30086.25
1687996800,30086.19,30796.25,30057.20,30445.35
1688083200,30441.35,31256.86,29600.28,30477.25
1688169600,30471.85,30641.29,30328.87,30590.08
1688256000,30587.27,30766.14,30264.02,30620.77
1688342400,30624.52,31375.61,30586.51,31156.44
1688428800,31156.87,31325.20,30659.36,30777.58
1688515200,30778.72,30877.33,30225.61,30514.17
1688601600,30507.15,31460.05,29892.23,29909.34
1688688000,29908.00,30434.64,29777.29,30342.27
1688774400,30346.92,30374.44,30080.16,30292.54
1688860800,30291.61,30427.59,30085.59,30171.23
1688947200,30172.42,31026.08,29985.39,30414.47
1689033600,30417.63,30788.31,30358.10,30620.95
1689120000,30622.25,30959.96,30228.84,30391.65
1689206400,30387.49,31814.52,30268.35,31476.05
1689292800,31474.72,31582.25,29966.39,30334.07
1689379200,30331.78,30407.78,30263.46,30295.81
1689465600,30297.47,30437.56,30089.67,30249.13
1689552000,30249.63,30336.40,29685.78,30145.89
1689638400,30147.07,30233.66,29556.43,29856.56
1689724800,29862.05,30184.18,29794.27,29913.92
1689811200,29915.25,30195.53,29638.10,29792.02
1689897600,29805.11,30046.00,29733.85,29908.74
1689984000,29908.70,29991.62,29664.12,29771.80
1690070400,29790.11,30330.64,29741.53,30084.54
1690156800,30081.66,30093.39,28934.29,29176.92
1690243200,29178.97,29353.16,29062.43,29227.39
1690329600,29225.76,29675.55,29113.91,29354.97
1690416000,29353.80,29560.97,29099.35,29210.69
1690502400,29212.16,29521.51,29125.85,29319.25
1690588800,29319.45,29396.84,29264.17,29356.92
1690675200,29357.09,29443.17,29059.50,29275.31
1690761600,29278.31,29489.87,29131.58,29230.11
1690848000,29230.87,29675.73,28657.02,29675.73
1690934400,29704.15,29988.00,28946.51,29151.96
1691020800,29161.81,29375.71,28959.49,29178.68
1691107200,29174.38,29302.08,28885.34,29074.09
1691193600,29075.39,29102.46,28957.80,29042.13
1691280000,29043.70,29160.82,28963.83,29041.86
1691366400,29038.51,29244.28,28724.14,29180.58
1691452800,29180.02,30176.80,29113.81,29765.49
1691539200,29766.70,30093.44,29376.80,29561.49
1691625600,29563.97,29688.56,29354.45,29429.59
1691712000,29424.90,29517.77,29253.52,29397.71
1691798400,29399.79,29465.11,29357.59,29415.96
1691884800,29416.59,29441.43,29265.81,29282.91
1691971200,29283.26,29660.25,29124.11,29408.44
1692057600,29408.05,29439.12,29088.85,29170.35
1692144000,29169.07,29221.98,28701.78,28701.78
1692230400,28699.80,28745.95,25409.11,26664.55
1692316800,26636.08,26808.20,25668.92,26049.56
1692403200,26047.83,26249.45,25802.41,26096.21
1692489600,26096.86,26260.68,26004.31,26189.58
1692576000,26188.69,26220.20,25846.09,26124.14
1692662400,26130.75,26135.51,25520.73,26031.66
1692748800,26040.47,26786.90,25805.00,26431.64
1692835200,26431.52,26554.91,25914.93,26162.37
1692921600,26163.68,26248.10,25786.81,26047.67
1693008000,26047.23,26107.38,25983.88,26008.46
1693094400,26008.24,26165.37,25965.10,26089.69
1693180800,26089.62,26198.58,25880.60,26106.15
1693267200,26102.49,28089.34,25912.63,27727.39
1693353600,27726.08,27760.16,27069.21,27297.27
1693440000,27301.93,27456.08,25752.93,25931.47
1693526400,25934.02,26125.87,25362.61,25800.72
1693612800,25800.91,25970.29,25753.09,25868.80
1693699200,25869.47,26087.15,25817.03,25969.57
1693785600,25968.17,26081.53,25657.03,25812.42
1693872000,25814.96,25858.38,25589.99,25779.98
1693958400,25783.93,25953.02,25404.36,25753.24
1694044800,25748.31,26409.30,25608.20,26240.20
1694131200,26245.21,26414.01,25677.48,25905.65
1694217600,25905.43,25921.98,25810.49,25895.68
1694304000,25895.21,25978.13,25640.26,25832.23
1694390400,25831.71,25883.95,24930.30,25162.65
1694476800,25160.66,26451.94,25133.08,25833.34
1694563200,25837.55,26376.11,25781.12,26228.32
1694649600,26228.28,26774.62,26171.45,26539.67
1694736000,26533.82,26840.50,26240.70,26608.69
1694822400,26606.20,26754.77,26473.89,26568.28
1694908800,26567.93,26618.00,26445.07,26534.19
1694995200,26532.99,27414.73,26415.52,26754.28
1695081600,26760.85,27488.76,26681.61,27211.12
1695168000,27210.23,27379.51,26864.08,27132.01
1695254400,27129.84,27152.94,26389.30,26567.63
1695340800,26564.06,26726.08,26495.53,26579.57
1695427200,26578.56,26634.19,26520.52,26579.39
1695513600,26579.37,26716.06,26221.05,26256.83
1695600000,26253.78,26421.51,26011.47,26298.48
1695686400,26294.76,26389.88,26090.71,26217.25
1695772800,26209.50,26817.84,26111.46,26352.72
1695859200,26355.81,27259.50,26327.32,27021.55
1695945600,27024.84,27225.94,26721.76,26911.72
1696032000,26911.69,27091.79,26888.97,26967.92
1696118400,26967.40,28047.24,26965.09,27983.75
1696204800,27976.80,28494.46,27347.79,27530.79
1696291200,27508.25,27667.19,27216.00,27429.98
1696377600,27429.07,27826.66,27248.11,27799.39
1696464000,27798.65,28091.86,27375.60,27415.91
1696550400,27412.12,28252.54,27215.55,27946.60
1696636800,27946.78,28028.09,27870.42,27968.84
1696723200,27971.68,28102.17,27740.66,27935.09
1696809600,27934.47,27989.47,27302.56,27583.68
1696896000,27589.20,27715.85,27301.65,27391.02
1696982400,27392.08,27474.12,26561.10,26873.32
1697068800,26873.29,26921.44,26558.32,26756.80
1697155200,26752.88,27092.70,26686.32,26862.38
1697241600,26866.20,26969.00,26814.59,26861.71
1697328000,26858.01,27289.17,26817.89,27159.65
1697414400,27162.63,29448.14,27130.47,28519.47
1697500800,28522.10,28618.75,28110.19,28415.75
1697587200,28413.53,28889.01,28174.25,28328.34
1697673600,28332.42,28892.47,28177.99,28719.81
1697760000,28732.81,30104.09,28601.67,29682.95
1697846400,29683.38,30287.48,29481.75,29918.41
1697932800,29918.65,30199.43,29720.31,29993.90
1698019200,30140.69,34370.44,30097.83,33086.23
1698105600,33077.30,35150.43,32880.76,33901.53
1698192000,33916.04,35133.76,33709.11,34502.82
1698278400,34504.29,34832.91,33762.32,34156.65
1698364800,34156.50,34238.21,33416.89,33909.80
1698451200,33907.72,34399.39,33874.80,34089.57
1698537600,34089.37,34743.26,33947.57,34538.48
1698624000,34531.74,34843.93,34110.97,34502.36
1698710400,34500.08,34719.25,34083.31,34667.78
1698796800,34657.27,35527.93,34170.69,35437.25
1698883200,35441.58,35919.84,34401.57,34938.24
1698969600,34942.47,34942.47,34133.44,34732.32
1699056000,34736.32,35256.03,34616.69,35082.20
1699142400,35090.01,35340.34,34594.24,35049.36
1699228800,35044.79,35286.03,34765.36,35037.37
1699315200,35047.79,35892.42,34545.82,35443.56
1699401600,35419.48,35994.42,35147.80,35655.28
1699488000,35633.63,37926.26,35592.10,36693.12
1699574400,36702.25,37493.80,36362.75,37313.97
1699660800,37310.07,37407.09,36773.67,37138.05
1699747200,37133.99,37227.69,36779.12,37054.52
1699833600,37070.30,37405.12,36399.61,36502.36
1699920000,36491.79,36753.35,34948.50,35537.64
1700006400,35548.11,37964.89,35383.78,37880.58
1700092800,37879.98,37934.62,35545.47,36154.77
1700179200,36164.82,36704.48,35901.23,36596.68
1700265600,36625.37,36839.28,36233.31,36585.70
1700352000,36585.77,37509.36,36414.60,37386.55
1700438400,37374.07,37756.82,36882.53,37476.96
1700524800,37469.16,37631.14,35813.81,35813.81
1700611200,35756.55,37856.98,35670.97,37432.34
1700697600,37420.43,37643.92,36923.86,37289.62
1700784000,37296.32,38415.34,37261.61,37720.28
1700870400,37721.41,37892.43,37617.42,37796.79
1700956800,37796.83,37820.30,37162.75,37479.12
1701043200,37454.19,37559.36,36750.13,37254.17
1701129600,37247.99,38368.48,36891.09,37831.09
1701216000,37826.11,38366.11,37612.63,37858.49
1701302400,37861.12,38141.75,37531.14,37712.75
1701388800,37718.01,38954.11,37629.36,38688.75
1701475200,38689.28,39678.94,38652.59,39476.33
1701561600,39472.21,40135.61,39298.16,39978.39
1701648000,39978.63,42371.75,39978.63,41980.10
1701734400,41986.27,44408.66,41421.15,44080.65
1701820800,44080.02,44265.77,43478.08,43746.45
1701907200,43769.13,44042.59,42880.65,43292.66
1701993600,43293.14,44705.52,43125.30,44166.60
1702080000,44180.02,44361.26,43627.60,43725.98
1702166400,43728.38,44034.62,43593.29,43779.70
1702252800,43792.02,43808.38,40234.58,41243.83
1702339200,41238.73,42048.30,40667.56,41450.22
1702425600,41468.46,43429.78,40676.87,42890.74
1702512000,42884.26,43390.86,41767.09,43023.97
1702598400,43028.25,43087.82,41692.97,41929.76
1702684800,41937.74,42664.95,41723.11,42240.12
1702771200,42236.11,42359.50,41274.54,41364.66
1702857600,41348.20,42720.30,40530.26,42623.54
1702944000,42641.51,43354.30,41826.34,42270.53
1703030400,42261.30,44275.59,42223.82,43652.25
1703116800,43648.12,44240.67,43330.05,43869.15
1703203200,43868.99,44367.96,43441.97,43997.90
1703289600,44012.20,44015.70,43351.36,43739.54
1703376000,43728.37,43945.52,42786.92,43016.12
1703462400,43010.57,43765.09,42765.77,43613.14
1703548800,43599.85,43603.18,41676.49,42520.40
1703635200,42518.47,43683.16,42167.58,43442.86
1703721600,43468.20,43804.78,42318.55,42627.86
1703808000,42614.64,43124.32,41424.06,42099.40
1703894400,42091.75,42584.12,41556.23,42156.90
1703980800,42152.10,42860.94,41998.25,42265.19
1704067200,42280.23,44175.44,42214.98,44167.33
1704153600,44187.14,45899.71,44176.95,44957.97
1704240000,44961.60,45503.24,40813.54,42848.18
1704326400,42855.82,44770.02,42675.18,44179.92
1704412800,44192.98,44353.29,42784.72,44162.69
1704499200,44178.95,44227.63,43475.16,43989.20
1704585600,43998.46,44495.57,43662.23,43943.10
1704672000,43948.71,47218.00,43244.08,46970.50
1704758400,46987.64,47893.70,45244.71,46139.73
1704844800,46121.54,47647.22,44483.15,46627.78
1704931200,46656.07,48969.37,45678.64,46368.59
1705017600,46354.79,46498.14,41903.77,42853.17
1705104000,42799.45,43234.66,42464.14,42842.38
1705190400,42842.26,43065.60,41724.61,41796.27
1705276800,41715.07,43319.72,41705.42,42511.97
1705363200,42499.34,43566.27,42086.00,43154.95
1705449600,43132.10,43189.89,42189.31,42742.65
1705536000,42742.31,42876.35,40631.17,41262.06
1705622400,41278.46,42134.16,40297.46,41618.41
1705708800,41624.59,41877.89,41446.82,41665.59
1705795200,41671.49,41855.37,41497.01,41545.79
1705881600,41553.65,41651.21,39450.12,39507.37
1705968000,39518.71,40127.35,38521.89,39845.55
1706054400,39877.59,40483.79,39508.80,40077.07
1706140800,40075.55,40254.48,39545.66,39933.81
1706227200,39936.82,42209.39,39825.69,41816.87
1706313600,41815.62,42195.63,41431.28,42120.05
1706400000,42126.12,42797.18,41696.91,42035.59
1706486400,42030.91,43305.87,41818.33,43288.25
1706572800,43300.23,43838.95,42711.37,42952.61
1706659200,42946.25,43717.41,42298.95,42582.61
1706745600,42569.76,43243.17,41879.19,43075.77
1706832000,43077.64,43422.49,42584.34,43185.86
1706918400,43184.96,43359.94,42890.81,42992.25
1707004800,42994.94,43097.64,42374.83,42583.58
1707091200,42577.62,43494.25,42264.82,42658.67
1707177600,42657.39,43344.15,42529.02,43084.67
1707264000,43090.02,44341.95,42775.96,44318.22
1707350400,44332.12,45575.84,44332.12,45301.57
1707436800,45297.38,48152.50,45260.82,47147.20
1707523200,47153.53,48146.17,46905.32,47771.28
1707609600,47768.97,48535.94,47617.41,48293.92
1707696000,48296.39,50280.48,47745.76,49958.22
1707782400,49941.36,50358.39,48406.50,49742.44
1707868800,49733.45,52021.37,49296.83,51826.70
1707955200,51836.79,52820.07,51371.63,51938.55
1708041600,51937.73,52537.97,51641.37,52160.20
1708128000,52161.68,52191.91,50669.67,51663.00
1708214400,51661.97,52356.96,51233.71,52122.55
1708300800,52134.81,52483.32,51711.82,51779.14
1708387200,51777.73,52945.05,50792.31,52284.88
1708473600,52273.54,52368.82,50671.76,51839.18
1708560000,51854.64,52009.61,50926.29,51304.97
1708646400,51283.91,51497.93,50561.78,50731.95
1708732800,50736.37,51684.20,50585.45,51571.10
1708819200,51565.21,51950.03,51306.17,51733.24
1708905600,51730.54,54938.18,50931.03,54522.40
1708992000,54519.36,57537.84,54484.20,57085.37
1709078400,57071.10,63913.13,56738.43,62504.79
1709164800,62499.18,63585.64,60498.73,61198.38
1709251200,61168.06,63155.10,60802.53,62440.63
1709337600,62431.65,62458.70,61657.29,62029.85
1709424000,62031.58,63230.21,61435.02,63167.37
1709510400,63137.00,68537.03,62386.52,68330.41
1709596800,68341.05,69170.62,59323.91,63801.20
1709683200,63776.05,67637.93,62848.67,66106.80
1709769600,66099.74,68029.92,65655.53,66925.48
1709856000,66938.09,70083.05,66230.45,68300.09
1709942400,68299.26,68673.05,68053.12,68498.88
1710028800,68500.26,70005.20,68239.98,69019.79
1710115200,69020.55,72850.71,67194.88,72123.91
1710201600,72125.12,72825.66,68728.85,71481.29
1710288000,71482.12,73637.48,71334.09,73083.50
1710374400,73079.38,73750.07,68563.02,71396.59
1710460800,71387.88,72357.13,65630.70,69403.77
1710547200,69392.48,70046.27,64801.39,65315.12
1710633600,65316.34,68845.72,64545.32,68390.62
1710720000,68371.30,68897.13,66594.23,67548.59
1710806400,67556.13,68106.93,61536.18,61912.77
1710892800,61930.16,68115.26,60807.79,67913.67
1710979200,67911.59,68199.99,64580.92,65491.39
1711065600,65489.93,66623.75,62355.37,63778.76
1711152000,63802.72,65976.40,63038.49,64062.20
1711238400,64070.75,67622.76,63825.85,67234.17
1711324800,67234.09,71162.59,66414.84,69958.81
1711411200,69931.33,71535.74,69335.61,69987.84
1711497600,69991.90,71727.69,68381.93,69455.34
1711584000,69452.77,71546.02,68895.51,70744.95
1711670400,70744.80,70913.09,69076.66,69892.83
1711756800,69893.45,70355.49,69601.06,69645.30
1711843200,69647.78,71377.78,69624.87,71333.65
1711929600,71333.48,71342.09,68110.70,69702.15
1712016000,69705.02,69708.38,64586.59,65446.97
1712102400,65446.67,66914.32,64559.90,65980.81
1712188800,65975.70,69291.26,65113.80,68508.84
1712275200,68515.76,68725.76,66011.48,67837.64
1712361600,67840.57,69629.60,67491.72,68896.11
1712448000,68897.11,70284.43,68851.63,69362.55
1712534400,69362.55,72715.36,69064.24,71631.36
1712620800,71632.50,71742.51,68212.92,69139.02
1712707200,69140.24,71093.43,67503.56,70587.88
1712793600,70575.73,71256.23,69571.81,70060.61
1712880000,70061.38,71222.74,65254.84,67195.87
1712966400,67188.38,67931.43,60919.11,63821.47
1713052800,63836.23,65824.43,62205.85,65738.73
1713139200,65739.65,66878.65,62332.07,63426.21
1713225600,63419.30,64355.67,61716.40,63811.86
1713312000,63831.85,64486.36,59768.59,61276.69
1713398400,61275.32,64125.69,60833.48,63512.75
1713484800,63510.75,65481.60,59651.39,63843.57
1713571200,63851.10,65442.46,63172.40,64994.44
1713657600,64992.82,65723.24,64277.72,64926.64
1713744000,64935.63,67233.96,64548.18,66837.68
1713830400,66839.89,67199.24,65864.87,66407.27
1713916800,66408.72,67075.37,63589.87,64276.90
1714003200,64275.02,65275.21,62783.63,64481.71
1714089600,64485.37,64789.66,63322.40,63755.32
1714176000,63750.99,63898.36,62424.72,63419.14
1714262400,63423.52,64321.48,62793.60,63113.23
1714348800,63106.36,64174.88,61795.46,63841.12
1714435200,63839.42,64703.33,59120.07,60636.86
1714521600,60609.50,60780.50,56555.29,58254.01
1714608000,58253.70,59602.30,56937.20,59123.43
1714694400,59122.30,63320.50,58848.31,62889.84
1714780800,62891.03,64494.96,62599.35,63891.47
1714867200,63892.45,64610.89,62955.30,64031.13
1714953600,64038.31,65494.90,62746.24,63161.95
1715040000,63162.76,64390.46,62285.98,62334.82
1715126400,62332.64,62986.09,60877.13,61187.94
1715212800,61191.20,63404.91,60648.07,63049.96
1715299200,63055.19,63446.74,60208.78,60792.78
1715385600,60793.36,61451.15,60492.62,60793.71
1715472000,60793.50,61818.16,60632.60,61448.39
1715558400,61451.22,63422.66,60769.84,62901.45
1715644800,62900.77,63092.12,61123.77,61552.79
1715731200,61553.99,66454.45,61330.41,66267.49
1715817600,66256.11,66712.43,64613.05,65231.58
1715904000,65231.30,67459.46,65119.32,67051.88
1715990400,67066.21,67387.33,66663.50,66940.80
1716076800,66937.93,67694.30,65937.18,66278.37
1716163200,66278.74,71483.56,66086.17,71448.20
1716249600,71443.06,71946.46,69191.12,70136.53
1716336000,70135.32,70623.70,68977.70,69122.34
1716422400,69121.30,70041.27,66356.95,67929.56
1716508800,67928.13,69220.30,66622.67,68526.10
1716595200,68526.92,69579.32,68515.82,69265.95
1716681600,69264.29,69506.23,68183.89,68518.09
1716768000,68512.18,70597.88,68232.50,69394.55
1716854400,69392.20,69514.64,67227.16,68296.22
1716940800,68296.35,68852.46,67101.49,67578.09
1717027200,67576.09,69500.54,67118.08,68364.99
1717113600,68362.52,68999.56,66633.42,67491.41
1717200000,67489.61,67839.77,67386.20,67706.94
1717286400,67710.27,68409.16,67315.52,67751.60
1717372800,67753.90,70230.82,67589.84,68804.78
1717459200,68804.57,71047.41,68564.64,70567.77
1717545600,70568.35,71735.41,70390.71,71082.82
1717632000,71082.84,71625.73,70119.12,70757.16
1717718400,70759.19,71907.85,68507.26,69342.59
1717804800,69324.18,69533.32,69210.74,69305.77
1717891200,69297.49,69817.52,69160.84,69647.99
1717977600,69644.31,70146.07,69232.42,69512.28
1718064000,69508.08,69549.41,66123.60,67332.03
1718150400,67321.38,69977.89,66902.45,68241.19
1718236800,68243.10,68365.78,66304.56,66756.40
1718323200,66747.57,67294.65,65056.89,66011.09
1718409600,66006.74,66402.19,65871.77,66191.00
1718496000,66189.36,66894.84,66018.25,66639.05
1718582400,66636.52,67188.32,65094.96,66490.30
1718668800,66490.98,66556.70,64066.96,65140.75
1718755200,65146.66,65695.35,64693.30,64960.30
1718841600,64960.30,66438.96,64547.85,64828.66
1718928000,64837.99,65007.55,63378.89,64096.20
1719014400,64113.86,64475.47,63929.76,64252.58
1719100800,64248.96,64491.70,63180.80,63180.80
1719187200,63173.35,63292.53,58601.70,60277.41
1719273600,60266.28,62258.26,60239.75,61804.64
1719360000,61789.68,62434.14,60695.19,60811.28
1719446400,60811.23,62293.86,60585.33,61604.80
1719532800,61612.80,62126.10,59985.40,60320.14
1719619200,60319.88,61097.62,60300.96,60887.38
1719705600,60888.45,62892.83,60632.95,62678.29
1719792000,62673.61,63777.23,62495.51,62851.98
1719878400,62844.41,63203.36,61752.75,62029.02
1719964800,62034.33,62187.70,59419.39,60173.92
1720051200,60147.14,60399.68,56777.80,56977.70
1720137600,57022.81,57497.15,53717.38,56662.38
1720224000,56659.07,58472.55,56038.96,58303.54
1720310400,58239.43,58371.12,55793.32,55849.11
1720396800,55849.57,58131.34,54321.02,56705.10
1720483200,56704.60,58239.20,56316.88,58009.23
1720569600,58033.88,59359.43,57178.41,57742.50
1720656000,57729.89,59299.43,57120.38,57344.91
1720742400,57341.20,58532.55,56590.18,57899.46
1720828800,57908.74,59787.08,57796.44,59231.95
1720915200,59225.25,61329.53,59225.25,60787.79
1721001600,60815.46,64870.15,60704.93,64870.15
1721088000,64784.42,65354.34,62487.97,65097.15
1721174400,65091.83,66066.73,63896.09,64118.79
1721260800,64104.74,65104.66,63246.16,63974.07
1721347200,63972.32,67442.64,63329.34,66710.16
1721433600,66709.92,67610.73,66299.62,67163.65
1721520000,67164.91,68372.91,65842.30,68154.52
1721606400,68152.98,68480.06,66611.30,67585.25
1721692800,67584.80,67779.02,65484.46,65927.67
1721779200,65927.86,67113.98,65147.00,65372.13
1721865600,65375.88,66112.42,63473.47,65777.23
1721952000,65771.81,68207.60,65743.77,67912.06
1722038400,67911.81,69398.51,66705.22,67813.34
1722124800,67808.66,68301.85,67085.83,68255.87
1722211200,68259.05,69987.54,66532.59,66819.91
1722297600,66819.05,66987.67,65323.19,66201.02
1722384000,66201.27,66810.21,64532.05,64619.25
1722470400,64625.84,65593.24,62248.94,65357.50
1722556800,65353.50,65523.22,61184.89,61415.07
1722643200,61414.81,62148.37,59836.53,60680.09
1722729600,60676.09,61062.99,57210.80,58116.98
1722816000,58110.30,58268.83,49121.24,53991.46
1722902400,53991.35,57059.92,53973.27,56034.32
1722988800,56040.63,57726.88,54620.51,55027.46
1723075200,55030.03,62673.77,54766.73,61710.14
1723161600,61728.21,61751.86,59587.86,60880.11
1723248000,60881.23,61464.51,60287.57,60945.81
1723334400,60944.89,61778.66,58348.82,58719.48
1723420800,58719.39,60680.33,57688.90,59354.52
1723507200,59356.21,61572.40,58506.25,60609.57
1723593600,60611.05,61687.76,58472.88,58737.27
1723680000,58733.26,59838.65,56161.59,57560.10
1723766400,57560.27,59847.36,57110.02,58894.11
1723852800,58893.53,59694.67,58814.83,59478.97
1723939200,59468.13,60262.72,58445.40,58483.96
1724025600,58480.71,59612.66,57864.71,59493.45
1724112000,59493.45,61396.33,58610.88,59012.79
1724198400,59014.99,61834.35,58823.45,61175.19
1724284800,61168.32,61408.11,59815.25,60381.91
1724371200,60380.95,64947.06,60372.05,64094.36
1724457600,64103.87,64513.79,63619.92,64178.99
1724544000,64176.37,64996.42,63833.52,64333.54
1724630400,64342.23,64489.71,62849.56,62880.66
1724716800,62879.71,63210.80,58116.75,59504.13
1724803200,59507.93,60236.45,57890.68,59027.62
1724889600,59027.47,61184.08,58786.23,59388.18
1724976000,59388.60,59896.89,57768.53,59119.48
1725062400,59117.48,59432.59,58768.79,58969.90
1725148800,58969.80,59062.07,57217.82,57325.49
1725235200,57326.97,59403.07,57136.03,59112.48
1725321600,59106.19,59815.06,57425.17,57431.02
1725408000,57430.35,58511.57,55673.16,57971.54
1725494400,57971.70,58300.58,55712.45,56160.49
1725580800,56160.19,56976.11,52598.70,53948.75
1725667200,53949.09,54838.14,53740.07,54139.69
1725753600,54147.93,55300.86,53653.76,54841.57
1725840000,54851.89,58041.12,54598.43,57019.54
1725926400,57020.10,58029.98,56419.41,57648.71
1726012800,57650.29,57991.32,55567.34,57343.17
1726099200,57343.17,58534.36,57330.10,58127.01
1726185600,58130.32,60648.02,57650.11,60571.30
1726272000,60569.12,60656.72,59517.88,60005.12
1726358400,60000.73,60381.92,58696.31,59182.84
1726444800,59185.23,59205.51,57501.34,58192.51
1726531200,58192.51,61316.09,57628.07,60308.54
1726617600,60309.00,61664.07,59218.25,61649.68
1726704000,61651.16,63872.44,61609.87,62940.46
1726790400,62941.43,64119.53,62364.61,63192.98
1726876800,63184.34,63543.36,62783.11,63394.84
1726963200,63396.80,63993.42,62440.73,63648.71
1727049600,63643.10,64733.56,62628.08,63329.80
1727136000,63326.84,64695.21,62737.42,64301.97
1727222400,64302.59,64804.50,62945.38,63143.14
1727308800,63138.55,65790.80,62669.27,65181.02
1727395200,65180.66,66480.70,64852.99,65790.66
1727481600,65792.18,66255.53,65458.04,65887.65
1727568000,65888.90,66069.34,65450.02,65635.30
1727654400,65634.66,65635.05,62873.62,63329.50
1727740800,63335.61,64110.98,60189.28,60837.01
1727827200,60836.32,62357.69,59996.95,60632.79
1727913600,60632.48,61469.04,59878.80,60759.40
1728000000,60754.62,62465.99,60459.94,62067.48
1728086400,62067.61,62371.02,61689.58,62089.95
1728172800,62084.99,62959.57,61833.15,62818.95
1728259200,62819.11,64443.71,62152.55,62236.66
1728345600,62221.64,63174.30,61843.56,62131.97
1728432000,62131.73,62508.84,60314.61,60582.10
1728518400,60581.93,61236.72,58895.21,60274.50
1728604800,60275.46,63400.87,60046.12,62445.09
1728691200,62444.62,63448.79,62443.27,63193.02
1728777600,63192.95,63272.65,62035.64,62851.38
1728864000,62848.40,66482.49,62442.15,66046.12
1728950400,66050.37,67881.68,64809.20,67041.11
1729036800,67042.46,68375.29,66758.73,67612.72
1729123200,67617.08,67912.21,66647.39,67399.84
1729209600,67419.11,68969.75,67177.82,68418.79
1729296000,68418.98,68668.01,68024.64,68362.73
1729382400,68364.18,69359.01,68105.72,69001.70
1729468800,69002.00,69462.73,66829.85,67367.85
1729555200,67360.70,67801.58,66581.37,67361.41
1729641600,67362.38,67402.74,65188.04,66432.20
1729728000,66653.70,68798.96,66454.10,68161.05
1729814400,68165.30,68722.16,65521.79,66642.41
1729900800,66628.73,67317.92,66360.59,67014.70
1729987200,67023.48,68221.31,66847.23,67929.30
1730073600,67922.67,70212.27,67535.13,69907.76
1730160000,69910.05,73577.21,69729.91,72720.49
1730246400,72715.37,72905.30,71411.73,72339.54
1730332800,72335.05,72662.31,69590.50,70215.19
1730419200,70216.90,71559.02,68779.70,69482.47
1730505600,69486.02,69867.35,69033.72,69289.27
1730592000,69296.38,69361.66,67482.52,68741.12
1730678400,68742.13,69433.18,66803.65,67811.51
1730764800,67811.17,70522.79,67458.87,69359.56
1730851200,69358.50,76460.16,69322.03,75639.08
1730937600,75637.09,76943.12,74480.42,75904.86
1731024000,75902.84,77252.75,75648.74,76545.48
1731110400,76556.19,76932.77,75773.79,76778.87
1731196800,76775.55,81474.42,76565.43,80474.19
1731283200,80471.41,89604.50,80283.25,88701.48
1731369600,88705.56,89956.88,85155.11,87955.81
1731456000,87929.97,93434.35,86256.93,90584.16
1731542400,90574.88,91765.22,86682.81,87250.43
1731628800,87284.18,91868.74,87124.90,91066.01
1731715200,91064.37,91763.95,90094.23,90558.48
1731801600,90558.46,91433.04,88741.66,89845.85
1731888000,89843.72,92596.79,89393.59,90542.64
1731974400,90536.81,94002.87,90426.98,92343.79
1732060800,92341.89,94902.02,91619.50,94339.49
1732147200,94334.64,99014.22,94132.60,98504.73
1732233600,98496.43,99655.50,97222.66,98997.66
1732320000,99006.74,99014.68,97232.89,97777.28
1732406400,97778.09,98647.18,95788.08,98013.82
1732492800,98033.45,98935.03,92642.91,93102.30
1732579200,93087.28,94991.75,90770.81,91985.32
1732665600,91978.14,97361.18,91778.66,95962.53
1732752000,95954.95,96650.20,94677.35,95652.47
1732838400,95653.95,98693.17,95407.88,97461.52
1732924800,97468.81,97499.34,96144.22,96449.05
1733011200,96461.34,97888.12,95770.19,97279.79
1733097600,97276.01,98152.60,94482.87,95865.30
1733184000,95854.59,96297.20,93629.56,96002.16
1733270400,95988.53,99207.33,94660.52,98768.53
1733356800,98741.54,103900.47,91998.78,96593.57
1733443200,97074.23,102039.88,96514.88,99920.71
1733529600,99916.71,100563.38,99030.88,99923.34
1733616000,99921.91,101399.99,98771.52,101236.02
1733702400,101237.06,101272.51,94355.91,97432.72
1733788800,97441.23,98270.16,94321.26,96675.43
1733875200,96656.06,101913.36,95747.23,101173.03
1733961600,101167.80,102524.91,99339.95,100043.00
1734048000,100046.65,101888.80,99233.28,101459.26
1734134400,101451.44,102618.88,100634.05,101372.97
1734220800,101373.53,105047.54,101227.03,104298.70
1734307200,104293.58,107780.58,103322.98,106029.72
1734393600,106030.69,108268.45,105291.73,106140.60
1734480000,106147.30,106470.61,100041.54,100041.54
1734566400,100070.69,102748.15,95587.68,97490.95
1734652800,97484.70,98098.91,92175.18,97755.93
1734739200,97756.20,99507.10,96426.52,97224.73
1734825600,97218.32,97360.27,94202.19,95104.94
1734912000,95099.39,96416.21,92403.13,94686.24
1734998400,94684.34,99404.06,93448.02,98676.09
1735084800,98675.91,99478.75,97593.47,99299.20
1735171200,99297.70,99884.57,95137.88,95795.52
1735257600,95704.98,97294.84,93310.74,94164.86
1735344000,94160.19,95525.90,94014.29,95163.93
1735430400,95174.05,95174.88,92881.79,93530.23
1735516800,93527.20,94903.32,91317.13,92643.21
1735603200,92643.25,96090.60,91914.03,93429.20
1735689600,93425.10,94929.87,92788.12,94419.76
1735776000,94416.29,97739.82,94201.57,96886.88
1735862400,96881.73,98956.91,96034.62,98107.43
1735948800,98106.99,98734.43,97562.98,98236.23
1736035200,98233.91,98813.30,97291.77,98314.96
1736121600,98314.95,102482.88,97926.15,102078.09
1736208000,102248.85,102712.48,96132.88,96922.70
1736294400,96924.16,97258.32,92525.84,95043.52
1736380800,95043.48,95349.72,91220.84,92484.04
1736467200,92494.49,95770.61,92250.09,94701.45
1736553600,94700.84,94977.69,93840.05,94566.59
1736640000,94565.73,95367.54,93712.51,94488.44
1736726400,94488.89,95837.00,89260.10,94516.52
1736812800,94519.01,97352.66,94322.16,96534.05
1736899200,96534.05,100697.23,96501.64,100504.49
1736985600,100505.30,100781.59,97364.45,99756.91
1737072000,100025.77,105884.23,99948.91,104462.04
1737158400,104124.95,104913.20,102226.62,104408.07
1737244800,104411.29,106299.80,99570.53,101089.61
1737331200,101083.75,109114.88,99471.36,102016.66
1737417600,102052.58,107180.92,100103.95,106146.27
1737504000,106136.38,106294.34,103360.27,103653.07
1737590400,103657.67,106820.33,101257.80,103960.17
1737676800,103965.67,107098.55,102772.12,104819.48
1737763200,104824.03,105243.79,104120.38,104714.65
1737849600,104713.21,105438.65,102507.71,102682.50
1737936000,102680.30,103214.11,97795.94,102087.69
1738022400,102095.41,103730.82,100238.19,101332.48
1738108800,101317.52,104750.80,101283.82,103703.21
1738195200,103709.34,106418.77,103321.65,104735.30
1738281600,104737.56,106026.35,101543.88,102405.02
1738368000,102402.80,102755.73,100297.71,100655.91
1738454400,100661.54,101430.66,96216.08,97688.98
1738540800,97681.10,102514.17,91242.89,101405.42
1738627200,101398.72,101745.62,96208.11,97871.82
1738713600,97878.01,99113.21,96174.83,96615.45
1738800000,96610.64,99168.61,95707.35,96593.30
1738886400,96581.32,100154.14,95653.88,96529.09
1738972800,96533.26,96877.80,95702.49,96482.45
1739059200,96481.31,97325.28,94745.26,96500.09
1739145600,96499.46,98333.22,95320.84,97437.55
1739232000,97438.13,98492.90,94875.04,95747.43
1739318400,95745.70,98151.02,94101.20,97885.86
1739404800,97888.75,98111.09,95269.71,96623.87
1739491200,96623.37,98819.47,96342.80,97508.97
1739577600,97508.38,97975.04,97240.20,97580.35
1739664000,97580.49,97725.59,96060.98,96175.03
1739750400,96179.01,97032.23,95243.55,95773.38
1739836800,95773.81,96695.38,93388.84,95539.55
1739923200,95532.53,96855.59,95011.97,96635.61
1740009600,96632.68,98767.20,96442.67,98333.94
1740096000,98340.67,99497.97,94852.96,96125.55
1740182400,96134.20,96950.16,95765.34,96577.76
1740268800,96577.80,96671.88,95270.45,96273.92
1740355200,96277.96,96503.45,91371.74,91418.17
1740441600,91437.12,92511.08,86008.23,88736.17
1740528000,88638.89,89286.25,82131.90,84347.02
1740614400,84076.86,87000.78,83144.96,84704.23
1740700800,84705.62,85036.32,78248.91,84373.01
1740787200,84373.87,86522.30,83794.23,86031.91
1740873600,86036.26,95043.44,85040.21,94248.35
1740960000,94248.42,94429.75,85081.30,86065.67
1741046400,86064.07,88911.27,81529.24,87222.20
1741132800,87222.95,90998.24,86379.77,90623.56
1741219200,90622.36,92804.94,87852.14,89961.73
1741305600,89963.28,91191.05,84717.68,86742.67
1741392000,86742.66,86847.27,85247.48,86154.59
1741478400,86154.30,86471.13,80052.48,80601.04
1741564800,80597.15,83955.93,77420.59,78532.00
1741651200,78523.88,83577.76,76624.25,82862.21
1741737600,82857.38,84358.58,80635.25,83722.36
1741824000,83724.92,84301.70,79931.85,81066.70
1741910400,81066.99,85263.29,80797.56,83969.10
1741996800,83968.41,84672.67,83639.59,84343.11
1742083200,84333.32,85051.60,82017.91,82579.69
1742169600,82576.34,84725.33,82492.16,84075.69
1742256000,84075.72,84075.72,81179.99,82718.50
1742342400,82718.80,87021.19,82569.73,86854.23
1742428800,86872.95,87443.27,83647.20,84167.20
1742515200,84164.54,84782.27,83171.07,84043.24
1742601600,84046.26,84513.88,83674.78,83832.48
1742688000,83831.90,86094.78,83794.91,86054.38
1742774400,86070.93,88758.73,85541.20,87498.91
1742860800,87512.82,88542.40,86346.08,87471.70
1742947200,87460.23,88292.16,85861.45,86900.88
1743033600,86896.26,87786.73,85837.94,87177.10
1743120000,87185.23,87489.86,83557.64,84353.15
1743206400,84352.07,84567.34,81634.14,82597.59
1743292800,82596.98,83505.00,81573.25,82334.52
1743379200,82336.06,83870.12,81293.89,82548.91
1743465600,82551.92,85487.37,82429.36,85169.17
1743552000,85180.61,88466.95,82343.54,82485.71
1743638400,82487.48,83909.30,81282.10,83102.83
1743724800,83100.25,84696.15,81670.75,83843.80
1743811200,83844.70,84207.02,82377.73,83504.80
1743897600,83504.51,83704.72,77097.74,78214.48
1743984000,78221.34,81119.06,74436.68,79235.34
1744070400,79218.48,80823.89,76198.02,76271.95
1744156800,76273.56,83541.00,74589.67,82573.95
1744243200,82565.98,82700.93,78456.13,79626.14
1744329600,79625.05,84247.48,78936.32,83404.84
1744416000,83404.52,85856.19,82769.38,85287.11
1744502400,85279.47,86015.19,83027.01,83684.98
1744588800,83694.52,85785.00,83690.64,84542.39
1744675200,84539.70,86429.35,83598.82,83668.99
1744761600,83674.51,85428.28,83100.62,84033.87
1744848000,84030.67,85449.07,83749.75,84895.75
1744934400,84900.19,85095.05,84298.88,84450.80
1745020800,84450.87,85597.70,84353.46,85063.41
1745107200,85066.07,85306.38,83976.84,85174.30
1745193600,85171.54,88460.09,85143.84,87518.91
1745280000,87521.88,93817.38,87084.53,93441.89
1745366400,93427.59,94535.73,91962.96,93699.11
1745452800,93692.40,94016.20,91696.71,93943.80
1745539200,93954.25,95768.39,92898.59,94720.50
1745625600,94714.65,95251.36,93927.25,94646.93
1745712000,94660.91,95301.20,93665.40,93754.84
1745798400,93755.30,95598.49,92860.80,94978.75
1745884800,94981.86,95485.41,93796.63,94284.79
1745971200,94286.47,95249.32,92979.64,94207.31
1746057600,94212.86,97437.96,94153.63,96492.34
1746144000,96494.97,97905.90,96375.95,96910.07
1746230400,96904.63,96943.88,95821.29,95891.80
1746316800,95877.19,96318.92,94173.43,94315.98
1746403200,94319.56,95193.19,93566.27,94748.05
1746489600,94748.38,96889.18,93399.86,96802.48
1746576000,96800.20,97625.80,95829.34,97032.32
1746662400,97034.25,103969.54,96913.88,103241.46
1746748800,103239.12,104297.49,102343.09,102970.85
1746835200,102973.71,104961.77,102830.48,104696.33
1746921600,104701.07,104937.99,103364.74,104106.36
1747008000,104106.96,105747.45,100814.41,102812.95
1747094400,102812.49,104997.42,101515.09,104169.81
1747180800,104167.33,104303.56,102618.30,103539.41
1747267200,103538.83,104153.62,101440.81,103744.64
1747353600,103735.66,104533.48,103137.48,103489.29
1747440000,103489.29,103716.95,102659.18,103191.09
1747526400,103186.95,106597.17,103142.60,106446.01
1747612800,106430.53,107068.72,102112.69,105606.18
1747699200,105605.41,107307.12,104206.52,106791.09
1747785600,106791.31,110724.46,106127.23,109678.08
1747872000,109673.49,111970.17,109285.07,111673.28
1747958400,111679.36,111798.91,106841.30,107287.80
1748044800,107278.51,109454.52,106895.29,107791.16
1748131200,107802.27,109313.30,106683.38,109035.39
1748217600,109023.78,110376.88,108735.64,109440.37
1748304000,109440.41,110744.21,107609.55,108994.64
1748390400,108992.17,109298.29,106812.93,107802.33
1748476800,107795.57,108910.05,105374.40,105641.76
1748563200,105646.21,106308.95,103685.79,103998.57
1748649600,103994.72,104927.10,103136.12,104638.09
1748736000,104637.30,105884.55,103826.95,105652.10
1748822400,105649.81,105958.31,103727.55,105881.53
1748908800,105888.48,106813.58,104920.84,105432.47
1748995200,105434.37,105997.70,104232.70,104731.98
1749081600,104750.78,105936.69,100436.88,101575.95
1749168000,101574.37,105376.77,101169.57,104390.34
1749254400,104390.65,105972.76,103987.31,105615.62
1749340800,105617.51,106497.06,105075.33,105793.65
1749427200,105793.02,110561.42,105400.23,110294.10
1749513600,110295.69,110380.12,108367.71,110257.23
1749600000,110261.80,110384.22,108086.33,108686.62
1749686400,108685.91,108780.70,105785.69,105929.05
1749772800,105924.59,106182.55,102822.02,106090.97
1749859200,106108.09,106203.76,104379.37,105472.41
1749945600,105464.84,106157.10,104519.88,105552.02
1750032000,105555.59,108915.38,104997.62,106796.76
1750118400,106794.12,107750.20,103396.53,104601.12
1750204800,104602.07,105581.85,103602.27,104883.33
1750291200,104886.77,105250.89,103940.77,104684.29
1750377600,104681.03,106539.38,102372.21,103309.60
1750464000,103315.08,104015.78,100973.06,102257.41
1750550400,102212.03,103351.63,98286.20,100987.14
1750636800,100987.48,106116.86,99705.75,105577.77
1750723200,105571.52,106316.83,104740.24,106045.63
1750809600,106047.41,108168.40,105881.39,107361.26
1750896000,107375.07,108305.55,106666.35,106960.00
1750982400,106954.92,107772.47,106449.99,107088.43
1751068800,107090.55,107567.88,106883.98,107327.70
1751155200,107327.82,108526.30,107230.11,108385.57
1751241600,108383.44,108798.79,106759.65,107135.34
1751328000,107144.38,107550.68,105270.23,105698.28
1751414400,105703.10,109763.66,105157.40,108859.32
1751500800,108845.02,110541.46,108605.80,109647.98
1751587200,109635.66,109751.98,107296.38,108034.34
1751673600,108015.84,108381.34,107842.27,108231.18
1751760000,108231.19,109731.62,107847.02,109232.07
1751846400,109235.33,109710.25,107527.05,108299.85
1751932800,108298.23,109198.97,107499.55,108950.27
1752019200,108950.27,111925.38,108357.68,111326.55
1752105600,111329.20,116608.78,110660.75,115987.20
1752192000,115986.23,118856.48,115245.69,117516.99
1752278400,117530.71,118219.90,116977.02,117435.23
1752364800,117432.20,119449.57,117265.44,119116.12
1752451200,119115.79,123091.61,118959.20,119849.70
1752537600,119853.85,119935.56,115765.69,117777.19
1752624000,117777.19,120065.52,117064.82,118738.51
1752710400,118738.51,120999.61,117508.22,119289.84
1752796800,119284.11,120851.91,116925.98,118003.23
1752883200,117998.12,118541.40,117388.41,117939.98
1752969600,117944.11,118865.03,116550.13,117300.79
1753056000,117306.47,119671.56,116584.40,117439.54
1753142400,117426.50,120269.97,116233.23,119995.41
1753228800,119997.45,120113.35,117391.39,118754.96
1753315200,118770.98,119535.45,117247.97,118368.00
1753401600,118368.00,118486.98,114759.82,117635.88
1753488000,117644.84,118335.69,117181.23,117947.37
1753574400,117944.73,119815.59,117859.69,119448.49
1753660800,119457.52,119819.79,117441.44,117924.48
1753747200,117938.59,119273.87,116987.37,117922.15
1753833600,117921.99,118780.73,115800.83,117831.19
1753920000,117833.63,118919.98,115505.22,115758.20
1754006400,115738.95,116060.77,112724.45,113320.09
1754092800,113320.39,114021.60,112005.77,112526.91
1754179200,112525.80,114747.42,111943.80,114217.67
1754265600,114223.92,115729.47,114130.41,115071.88
1754352000,115072.19,115117.44,112701.11,114141.45
1754438400,114140.91,115737.84,113372.25,115028.00
1754524800,115030.05,117676.91,114279.71,117496.90
1754611200,117505.50,117689.20,115917.46,116688.73
1754697600,116678.27,117906.61,116363.84,116500.36
1754784000,116497.72,119320.71,116485.16,119306.76
1754870400,119306.81,122321.09,118159.03,118731.45
1754956800,118717.66,120302.47,118228.72,120172.91
1755043200,120168.98,123682.45,118939.63,123344.06
1755129600,123339.40,124457.12,117254.88,118359.58
1755216000,118365.78,119332.31,116864.57,117398.35
1755302400,117398.42,117996.06,117271.95,117491.35
1755388800,117492.79,118595.77,117279.52,117453.06
1755475200,117453.91,117614.17,114723.68,116252.31
1755561600,116241.86,116764.50,112730.40,112831.18
1755648000,112828.02,114625.80,112387.96,114274.74
1755734400,114275.69,114802.65,111986.23,112419.03
1755820800,112433.73,117377.40,111678.95,116874.09
1755907200,116866.37,116996.25,114536.11,115374.33
1755993600,115387.39,115615.09,111060.55,113458.43
1756080000,113456.90,113637.84,109324.28,110124.35
1756166400,110124.10,112397.02,108762.04,111802.66
1756252800,111795.71,112619.41,110398.27,111222.06
1756339200,111219.05,113450.08,110900.92,112544.80
1756425600,112550.52,112619.05,107559.62,108410.84
1756512000,108409.41,108929.35,107444.45,108808.07
1756598400,108818.46,109491.00,108104.66,108236.71
1756684800,108228.75,109890.59,107271.18,109250.59
1756771200,109243.07,111748.02,108454.03,111200.59
1756857600,111190.70,112600.23,110582.96,111723.21
1756944000,111718.15,112208.33,109347.23,110723.60
1757030400,110723.02,113357.49,110233.40,110650.98
1757116800,110650.57,111275.02,110024.09,110224.70
1757203200,110221.33,111591.08,110211.62,111167.62
1757289600,111163.02,112869.23,110630.61,112071.43
1757376000,112077.58,113225.44,110776.70,111530.55
1757462400,111531.25,114275.25,110940.08,113955.36
1757548800,113961.43,115522.55,113453.84,115507.54
1757635200,115507.79,116769.38,114794.48,116101.58
1757721600,116093.56,116334.63,115248.27,115950.51
1757808000,115950.29,116181.50,115222.40,115407.66
1757894400,115399.63,116747.88,114461.06,115444.88
1757980800,115423.76,117005.27,114813.09,116843.19
1758067200,116840.51,117328.61,114794.98,116468.51
1758153600,116461.27,117911.79,116188.80,117137.20
1758240000,117137.67,117479.76,115141.82,115688.86
1758326400,115691.12,116191.15,115473.52,115721.96
1758412800,115730.23,115901.09,115252.58,115306.09
1758499200,115309.22,115431.31,112037.65,112748.51
1758585600,112757.48,113351.91,111535.57,112014.50
1758672000,112007.66,113986.27,111229.64,113328.63
1758758400,113330.16,113541.09,108713.40,109049.29
1758844800,109041.30,110359.20,108728.98,109712.83
1758931200,109707.14,109778.50,109144.30,109681.95
1759017600,109681.95,112375.48,109236.95,112122.64
1759104000,112117.88,114473.57,111589.95,114400.38
1759190400,114396.52,114836.62,112740.56,114056.09
1759276800,114057.59,118648.93,113981.40,118648.93
1759363200,118652.38,121086.41,118383.16,120681.26
1759449600,120656.98,123944.70,119344.31,122266.53
1759536000,122267.47,122857.64,121577.57,122425.43
1759622400,122419.67,125559.21,122191.96,123513.48
1759708800,123510.45,126198.07,123196.05,124752.53
1759795200,124752.14,125184.02,120681.97,121451.38
1759881600,121448.35,124167.09,121119.18,123354.87
1759968000,123337.07,123739.34,119812.03,121705.59
1760054400,121704.74,122509.66,104582.41,113214.37
1760140800,113236.43,113429.73,109760.56,110807.88
1760227200,110811.52,115805.06,109715.54,115169.77
1760313600,115161.68,116020.48,113821.19,115271.08
1760400000,115264.88,115502.88,110029.48,113118.66
1760486400,113113.97,113622.38,110235.84,110783.16
1760572800,110782.17,111990.81,107537.03,108186.04
1760659200,108179.13,109235.80,103598.43,106467.79
1760745600,106483.73,107490.98,106387.45,107198.27
1760832000,107204.31,109488.99,106157.79,108666.71
1760918400,108667.45,111711.03,107485.02,110588.93
1761004800,110587.63,113996.34,107534.75,108476.89
1761091200,108491.53,109115.13,106778.00,107688.59
1761177600,107679.44,111288.59,107548.43,110069.73
1761264000,110069.35,111842.53,109770.15,111033.92
1761350400,111032.62,111947.70,110704.41,111641.73
1761436800,111650.64,113856.45,111283.53,113555.30
